{
  "name": "vtv3",
  "display_name": "VirusTotalV3",
  "category": "OSINT",
  "is_default": true,
  "config": {
    "title": "api_key",
    "type": "object",
    "additionalProperties": false,
    "properties": {
      "api_key": {
        "type": "string"
      }
    }
  },
  "test_config": {
    "name": "vtv3.test_integration",
    "module": "vtv3.src.test_integration.TestIntegration",
    "inputs": [
      {
        "name": "domain",
        "value": "www.google.com",
        "type": "string"
      }
    ]
  },
  "actions": [
    {
      "name": "vtv3.get_ip_report",
      "display_name": "Get IP report from VirusTotal",
      "type": "MISTRAL",
      "module": "vtv3.src.get_ip_report.GetIPReportAction",
      "inputs": [
        {
          "name": "ip_address",
          "type": "string"
        }
      ],
      "outputs": [
        {
          "name": "response_code",
          "type": "integer"
        },
        {
          "name": "as_owner",
          "type": "string"
        },
        {
          "name": "asn",
          "type": "string"
        },
        {
          "name": "country",
          "type": "string"
        },
        {
          "name": "continent",
          "type": "string"
        },
        {
          "name": "last_analysis_results",
          "type": "object"
        },
        {
          "name": "last_analysis_stats",
          "type": "object"
        },
        {
          "name": "last_modification_date",
          "type": "integer"
        },
        {
          "name": "network",
          "type": "string"
        },
        {
          "name": "regional_internet_registry",
          "type": "string"
        },
        {
          "name": "reputation",
          "type": "integer"
        },
        {
          "name": "tags",
          "type": "array"
        },
        {
          "name": "total_votes",
          "type": "object"
        },
        {
          "name": "whois",
          "type": "string"
        },
        {
          "name": "whois_date",
          "type": "integer"
        }
      ]
    },
    {
      "name": "vtv3.get_file_report",
      "display_name": "Get File scan report from VirusTotal",
      "type": "MISTRAL",
      "module": "vtv3.src.get_file_report.GetFileReportAction",
      "inputs": [
        {
          "name": "resource",
          "type": "string"
        }
      ],
      "outputs": [
        {
          "name": "response_code",
          "type": "integer"
        },
        {
          "name": "first_submission_date",
          "type": "integer"
        },
        {
          "name": "last_analysis_date",
          "type": "integer"
        },
        {
          "name": "last_analysis_results",
          "type": "object"
        },
        {
          "name": "last_analysis_stats",
          "type": "object"
        },
        {
          "name": "last_modification_date",
          "type": "integer"
        },
        {
          "name": "last_submission_date",
          "type": "integer"
        },
        {
          "name": "magic",
          "type": "string"
        },
        {
          "name": "md5",
          "type": "string"
        },
        {
          "name": "meaningful_name",
          "type": "integer"
        },
        {
          "name": "names",
          "type": "array"
        },
        {
          "name": "nsrl_info",
          "type": "object"
        },
        {
          "name": "reputation",
          "type": "integer"
        },
        {
          "name": "sha1",
          "type": "string"
        },
        {
          "name": "sha256",
          "type": "string"
        },
        {
          "name": "size",
          "type": "integer"
        },
        {
          "name": "ssdeep",
          "type": "string"
        },
        {
          "name": "tags",
          "type": "array"
        },
        {
          "name": "times_submitted",
          "type": "integer"
        },
        {
          "name": "total_votes",
          "type": "object"
        },
        {
          "name": "trid",
          "type": "array"
        },
        {
          "name": "trusted_verdict",
          "type": "object"
        },
        {
          "name": "type_description",
          "type": "string"
        },
        {
          "name": "unique_sources",
          "type": "integer"
        },
        {
          "name": "wireshark",
          "type": "object"
        }
      ]
    },
    {
      "name": "vtv3.get_url_report",
      "display_name": "Get URl scan report from VirusTotal",
      "type": "MISTRAL",
      "module": "vtv3.src.get_url_report.GetUrlReportAction",
      "inputs": [
        {
          "name": "resource",
          "type": "string"
        }
      ],
      "outputs": [
        {
          "name": "response_code",
          "type": "integer"
        },
        {
          "name": "categories",
          "type": "object"
        },
        {
          "name": "first_submission_date",
          "type": "integer"
        },
        {
          "name": "html_meta",
          "type": "object"
        },
        {
          "name": "last_analysis_date",
          "type": "integer"
        },
        {
          "name": "last_analysis_results",
          "type": "object"
        },
        {
          "name": "last_analysis_stats",
          "type": "object"
        },
        {
          "name": "last_final_url",
          "type": "string"
        },
        {
          "name": "last_modification_date",
          "type": "integer"
        },
        {
          "name": "last_submission_date",
          "type": "integer"
        },
        {
          "name": "reputation",
          "type": "integer"
        },
        {
          "name": "tags",
          "type": "array"
        },
        {
          "name": "targeted_brand",
          "type": "object"
        },
        {
          "name": "times_submitted",
          "type": "integer"
        },
        {
          "name": "total_votes",
          "type": "object"
        },
        {
          "name": "trackers",
          "type": "object"
        },
        {
          "name": "url",
          "type": "string"
        }
      ]
    },
    {
      "name": "vtv3.get_domain_report",
      "display_name": "Get Domain report from VirusTotal",
      "type": "MISTRAL",
      "module": "vtv3.src.get_domain_report.GetDomainReportAction",
      "inputs": [
        {
          "name": "domain",
          "type": "string"
        }
      ],
      "outputs": [
        {
          "name": "response_code",
          "type": "integer"
        },
        {
          "name": "categories",
          "type": "object"
        },
        {
          "name": "creation_date",
          "type": "integer"
        },
        {
          "name": "last_analysis_results",
          "type": "object"
        },
        {
          "name": "last_analysis_stats",
          "type": "object"
        },
        {
          "name": "last_dns_records",
          "type": "array"
        },
        {
          "name": "last_dns_records_date",
          "type": "integer"
        },
        {
          "name": "last_https_certificate",
          "type": "object"
        },
        {
          "name": "last_https_certificate_date",
          "type": "integer"
        },
        {
          "name": "last_modification_date",
          "type": "integer"
        },
        {
          "name": "last_update_date",
          "type": "integer"
        },
        {
          "name": "popularity_ranks",
          "type": "object"
        },
        {
          "name": "registrar",
          "type": "string"
        },
        {
          "name": "reputation",
          "type": "integer"
        },
        {
          "name": "tags",
          "type": "array"
        },
        {
          "name": "total_votes",
          "type": "object"
        },
        {
          "name": "whois",
          "type": "string"
        },
        {
          "name": "whois_date",
          "type": "integer"
        }
      ]
    }
  ]
}
