{
  "name": "googleChat",
  "display_name": "Google Chat",
  "category": "Messaging",
  "config": {
    "title": "Webhook URL",
    "type": "object",
    "additionalProperties": false,
    "properties": {
      "webhook_url": {
        "type": "string"
      }
    }
  },
  "test_config": {
    "name": "googleChat.test_integration",
    "module": "googleChat.src.test_integration.TestIntegration",
    "inputs": []
  },
  "actions": [
    {
      "name": "googleChat.send_notification",
      "display_name": "Send Notification",
      "type": "MISTRAL",
      "module": "googleChat.src.actions.notify.send_notification.SendNotification",
      "inputs": [
        {
          "name": "message",
          "type": "string"
        }
      ],
      "outputs": [
        {
          "name": "status",
          "type": "string"
        },
        {
          "name": "status_code",
          "type": "string"
        }
      ]
    }
  ]
}
