{
  "name": "phishtank",
  "display_name": "PhishTank",
  	  "category": "OSINT",
  "config": {
    "title": "api_key",
    "type": "object",
    "additionalProperties": false,
    "properties": {
      "api_key": {
        "type": "string"
      }
    }
  },

  "test_config": {
    "name": "phishtank.test_integration",
    "module": "phishtank.src.test_integration.TestIntegration",
    "inputs": [
      {
        "name": "url",
        "value": "https://www.google.co.in/",
        "type": "string"
      }
    ]
  },
  "actions": [
    {
      "name": "phishtank.check_url",
      "display_name": "Check URL",
      "module": "phishtank.src.check_url.CheckURLAction",
      "type": "MISTRAL",
      "inputs": [
        {
          "name": "url",
          "type": "string"
        }
      ],
      "outputs": [
        {
          "name": "url",
          "type": "string"
        },
        {
          "name": "in_database",
          "type": "boolean"
        }
      ]
    }
  ]
}