{
  "name": "haveibeenpwned",
  "display_name": "haveibeenpwned",
  	  "category": "OSINT",
  "config": {
    "title": "api_key",
    "type": "object",
    "additionalProperties": false,
    "properties": {
      "api_key": {
        "type": "string"
      }
    }
  },
  "actions": [
    {
      "name": "haveibeenpwned.breached_account",
      "display_name": "Get breaches to an email id",
      "type": "MISTRAL",
      "module": "haveibeenpwned.src.breached_account.BreachedAccountAction",
      "inputs": [
        {
          "name": "email",
          "type": "string"
        }
      ],
      "outputs": [
        {
          "name": "Name",
          "type": "string"
        },
        {
          "name": "Title",
          "type": "string"
        },
        {
          "name": "Domain",
          "type": "string"
        },
        {
          "name": "BreachDate",
          "type": "string"
        },
        {
          "name": "AddedDate",
          "type": "string"
        },
        {
          "name": "ModifiedDate",
          "type": "string"
        },
        {
          "name": "PwnCount",
          "type": "integer"
        },
        {
          "name": "Description",
          "type": "string"
        },
        {
          "name": "LogoPath",
          "type": "string"
        },
        {
          "name": "DataClasses",
          "type": "array"
        },
        {
          "name": "IsVerified",
          "type": "boolean"
        },
        {
          "name": "IsFabricated",
          "type": "boolean"
        },
        {
          "name": "IsSensitive",
          "type": "boolean"
        },
        {
          "name": "IsRetired",
          "type": "boolean"
        },
        {
          "name": "IsSpamList",
          "type": "boolean"
        },
        {
          "name": "response_code",
          "type": "integer"
        }
      ]
    },
    {
      "name": "haveibeenpwned.breached_domain",
      "display_name": "Checks if a site can breach your account",
      "type": "MISTRAL",
      "module": "haveibeenpwned.src.breached_domain.BreachedDomainAction",
      "inputs": [
        {
          "name": "domain",
          "type": "string"
        }
      ],
      "outputs": [
        {
          "name": "Name",
          "type": "string"
        },
        {
          "name": "Title",
          "type": "string"
        },
        {
          "name": "Domain",
          "type": "string"
        },
        {
          "name": "BreachDate",
          "type": "string"
        },
        {
          "name": "AddedDate",
          "type": "string"
        },
        {
          "name": "ModifiedDate",
          "type": "string"
        },
        {
          "name": "PwnCount",
          "type": "integer"
        },
        {
          "name": "Description",
          "type": "string"
        },
        {
          "name": "LogoPath",
          "type": "string"
        },
        {
          "name": "DataClasses",
          "type": "array"
        },
        {
          "name": "IsVerified",
          "type": "boolean"
        },
        {
          "name": "IsFabricated",
          "type": "boolean"
        },
        {
          "name": "IsSensitive",
          "type": "boolean"
        },
        {
          "name": "IsRetired",
          "type": "boolean"
        },
        {
          "name": "IsSpamList",
          "type": "boolean"
        },
        {
          "name": "response_code",
          "type": "integer"
        }
      ]
    },
    {
      "name": "haveibeenpwned.pastes",
      "display_name": "Checks if a paste site had received password of passed account",
      "type": "MISTRAL",
      "module": "haveibeenpwned.src.pastes.PasteAction",
      "inputs": [
        {
          "name": "email",
          "type": "string"
        }
      ],
      "outputs": [
        {
          "name": "Source",
          "type": "string"
        },
        {
          "name": "Id",
          "type": "string"
        },
        {
          "name": "Title",
          "type": "string"
        },
        {
          "name": "Date",
          "type": "string"
        },
        {
          "name": "EmailCount",
          "type": "integer"
        },
        {
          "name": "response_code",
          "type": "integer"
        }
      ]
    },
    {
      "name": "haveibeenpwned.pwnedpassword",
      "display_name": "Checks if a password has been breached",
      "type": "MISTRAL",
      "module": "haveibeenpwned.src.pwnedpassword.PwnedPasswordAction",
      "inputs": [
        {
          "name": "password",
          "type": "string"
        }
      ],
      "outputs": [
        {
          "name": "occurences",
          "type": "integer"
        },
        {
          "name": "response_code",
          "type": "integer"
        }
      ]
    }
  ]
}