{
  "name": "jazzNetworks",
  "display_name": "jazzNetworks",
      "category": "EDR",
  "config": {
    "title": "api_key",
    "type": "object",
    "additionalProperties": false,
    "properties":{
      "api_key": {"type": "string"},
      "api_url": {"type": "string"}
    }
  },
  "actions": [{
    "name": "jazzNetworks.create_case_from_alert",
    "display_name": "create case from alert",
    "module": "jazzNetworks.src.create_case_from_alert.CreateCaseFromAlert",
    "type": "WEBHOOK",
    "inputs": [{
      "name": "data",
      "type": "object"
    }],
    "outputs": []
  },{
    "name": "jazzNetworks.create_case_from_alert_v2",
    "display_name": "create case from alert v2",
    "module": "jazzNetworks.src.create_case_from_alert_v2.CreateCaseFromAlertV2",
    "type": "WEBHOOK",
    "inputs": [{
      "name": "data",
      "type": "object"
    }],
    "outputs": []
  }]
}