{
  "name": "trendV1Soar",
  "display_name": "Trend V1 SOAR",
  "category": "Utility",
  "is_default": true,
  "actions": [
    {
      "name": "trendV1Soar.create_worknote",
      "display_name": "Add Worknote",
      "module": "trendV1Soar.src.create_worknote.CreateWorknoteAction",
      "type": "MISTRAL",
      "inputs": [
        {
          "name": "note",
          "type": "string"
        },
        {
          "name": "context",
          "type": "object"
        }
      ],
      "outputs": [
        {
          "name": "status",
          "type": "boolean"
        }
      ]
    },
    {
      "name": "trendV1Soar.assign_to_group",
      "display_name": "Assign to Group",
      "module": "trendV1Soar.src.assign_to_group.AssignToGroup",
      "type": "MISTRAL",
      "inputs": [
        {
          "name": "group",
          "type": "string"
        }
      ],
      "outputs": [
        {
          "name": "case",
          "type": "object"
        }
      ]
    },
    {
      "name": "trendV1Soar.update_case_field",
      "display_name": "Update Case Field",
      "module": "trendV1Soar.src.update_case_field.UpdateCaseFieldAction",
      "type": "MISTRAL",
      "inputs": [
        {
          "name": "field_name",
          "type": "string"
        },
        {
          "name": "value",
          "type": "string"
        }
      ],
      "outputs": [
        {
          "name": "case",
          "type": "object"
        }
      ]
    },
    {
      "name": "trendV1Soar.get_hash_from_file",
      "display_name": "Get Hash From File",
      "module": "trendV1Soar.src.get_hash_from_file.GetHashFromFile",
      "type": "MISTRAL",
      "inputs": [
        {
          "name": "url",
          "type": "string"
        }
      ],
      "outputs": [
        {
          "name": "md5Hash",
          "type": "string"
        },
        {
          "name": "sha1Hash",
          "type": "string"
        },
        {
          "name": "sha256Hash",
          "type": "string"
        },
        {
          "name": "sha512Hash",
          "type": "string"
        }
      ]
    },
    {
      "name": "trendV1Soar.get_ip_type",
      "display_name": "Get IP Type",
      "module": "trendV1Soar.src.get_ip_type.GetIPTypeAction",
      "type": "MISTRAL",
      "inputs": [
        {
          "name": "ip",
          "type": "string"
        }
      ],
      "outputs": [
        {
          "name": "ip_type",
          "type": "string"
        },
        {
          "name": "ip",
          "type": "string"
        }
      ]
    },
    {
      "name": "trendV1Soar.query_customer_discovery",
      "display_name": "Query Customer Discovery",
      "module": "trendV1Soar.src.query_customer_discovery.QueryCustomerDiscoveryAction",
      "type": "MISTRAL",
      "inputs": [
        {
          "name": "query",
          "type": "string"
        }
      ],
      "outputs": [
        {
          "name": "asset_type",
          "type": "integer"
        },
        {
          "name": "value",
          "type": "string"
        },
        {
          "name": "description",
          "type": "string"
        },
        {
          "name": "extra_data",
          "type": "object"
        }
      ]
    },
    {
      "name": "trendV1Soar.close_case",
      "display_name": "Case Close",
      "module": "trendV1Soar.src.close_case.CaseCloseAction",
      "type": "MISTRAL",
      "inputs": [
        {
          "name": "closure_code",
          "type": "string"
        }
      ],
      "outputs": [
        {
          "name": "id",
          "type": "integer"
        },
        {
          "name": "title",
          "type": "string"
        },
        {
          "name": "description",
          "type": "string"
        },
        {
          "name": "created",
          "type": "string"
        },
        {
          "name": "modified",
          "type": "string"
        },
        {
          "name": "created_by",
          "type": "string"
        },
        {
          "name": "assigned_to_group",
          "type": "object"
        },
        {
          "name": "assigned_to_users",
          "type": "object"
        },
        {
          "name": "is_confidential",
          "type": "boolean"
        },
        {
          "name": "is_reopened",
          "type": "boolean"
        },
        {
          "name": "status",
          "type": "string"
        },
        {
          "name": "priority",
          "type": "integer"
        },
        {
          "name": "impact",
          "type": "integer"
        },
        {
          "name": "alert_source",
          "type": "integer"
        },
        {
          "name": "closure_code",
          "type": "integer"
        },
        {
          "name": "category",
          "type": "integer"
        },
        {
          "name": "related_cases",
          "type": "array"
        },
        {
          "name": "mitre",
          "type": "array"
        },
        {
          "name": "uid",
          "type": "string"
        },
        {
          "name": "tenant_id",
          "type": "integer"
        },
        {
          "name": "attachments",
          "type": "array"
        },
        {
          "name": "tlp",
          "type": "string"
        },
        {
          "name": "kill_chain",
          "type": "string"
        },
        {
          "name": "due_date",
          "type": "string"
        }
      ]
    },
    {
      "name": "trendV1Soar.escalate_to_group",
      "display_name": "Escalate the group",
      "module": "trendV1Soar.src.escalate_to_group.EscalateToGroupAction",
      "type": "MISTRAL",
      "inputs": [
        {
          "name": "group",
          "type": "object"
        }
      ],
      "outputs": [
        {
          "name": "id",
          "type": "integer"
        },
        {
          "name": "title",
          "type": "string"
        },
        {
          "name": "description",
          "type": "string"
        },
        {
          "name": "created",
          "type": "string"
        },
        {
          "name": "modified",
          "type": "string"
        },
        {
          "name": "created_by",
          "type": "string"
        },
        {
          "name": "assigned_to_group",
          "type": "object"
        },
        {
          "name": "assigned_to_users",
          "type": "object"
        },
        {
          "name": "is_confidential",
          "type": "boolean"
        },
        {
          "name": "is_reopened",
          "type": "boolean"
        },
        {
          "name": "status",
          "type": "string"
        },
        {
          "name": "priority",
          "type": "integer"
        },
        {
          "name": "impact",
          "type": "integer"
        },
        {
          "name": "alert_source",
          "type": "integer"
        },
        {
          "name": "closure_code",
          "type": "integer"
        },
        {
          "name": "category",
          "type": "integer"
        },
        {
          "name": "related_cases",
          "type": "array"
        },
        {
          "name": "mitre",
          "type": "array"
        },
        {
          "name": "uid",
          "type": "string"
        },
        {
          "name": "tenant_id",
          "type": "integer"
        },
        {
          "name": "attachments",
          "type": "array"
        },
        {
          "name": "tlp",
          "type": "string"
        },
        {
          "name": "kill_chain",
          "type": "string"
        },
        {
          "name": "due_date",
          "type": "string"
        }
      ]
    },
    {
      "name": "trendV1Soar.add_to_customer_discovery",
      "display_name": "Add to Customer Discovery",
      "module": "trendV1Soar.src.add_to_customer_discovery.AddToCustomerDiscovery",
      "type": "MISTRAL",
      "inputs": [
        {
          "name": "asset_type",
          "type": "string"
        },
        {
          "name": "value",
          "type": "string"
        },
        {
          "name": "description",
          "type": "string"
        },
        {
          "name": "category",
          "type": "string"
        }
      ],
      "outputs": [
        {
          "name": "status",
          "type": "boolean"
        },
        {
          "name": "message",
          "type": "string"
        }
      ]
    },
    {
      "name": "trendV1Soar.send_email",
      "display_name": "Send Email",
      "module": "trendV1Soar.src.send_email.SendEmail",
      "type": "MISTRAL",
      "inputs": [
        {
          "name": "subject",
          "type": "string"
        },
        {
          "name": "recipients",
          "type": "string"
        },
        {
          "name": "message",
          "type": "string"
        }
      ],
      "outputs": [
        {
          "name": "status",
          "type": "boolean"
        },
        {
          "name": "message",
          "type": "string"
        }
      ]
    },
    {
      "name": "trendV1Soar.add_attachment",
      "display_name": "Add Attachment",
      "module": "trendV1Soar.src.add_attachment.AddAttachment",
      "type": "MISTRAL",
      "inputs": [
        {
          "name": "url",
          "type": "string"
        }
      ],
      "outputs": [
        {
          "name": "status",
          "type": "boolean"
        },
        {
          "name": "message",
          "type": "string"
        }
      ]
    }
  ]
}