{
  "name": "trendV1Soar",
  "display_name": "Trend V1 SOAR",
  "category": "Utility",
  "is_default": true,
  "actions": [
    {
      "name": "trendV1Soar.create_worknote",
      "display_name": "Add Worknote",
      "module": "trendV1Soar.src.create_worknote.CreateWorknoteAction",
      "type": "MISTRAL",
      "inputs": [
        {
          "name": "note",
          "type": "string"
        },
        {
          "name": "context",
          "type": "object"
        }
      ],
      "outputs": [
        {
          "name": "status",
          "type": "boolean"
        }
      ]
    },
    {
      "name": "trendV1Soar.assign_to_group",
      "display_name": "Assign to Group",
      "module": "trendV1Soar.src.assign_to_group.AssignToGroup",
      "type": "MISTRAL",
      "inputs": [
        {
          "name": "group",
          "type": "string",
          "field": "group",
          "required": true
        }
      ],
      "outputs": [
        {
          "name": "case",
          "type": "object"
        }
      ]
    },
    {
      "name": "trendV1Soar.update_case_field",
      "display_name": "Update Case Field",
      "module": "trendV1Soar.src.update_case_field.UpdateCaseFieldAction",
      "type": "MISTRAL",
      "inputs": [
        {
          "name": "field_name",
          "type": "string",
          "help": "This should be the name of that field which has to updated, eg. for updating the status the field_name should be status, for updating the target_service attribute in the 'Threat Information' section the field_name should be extra_data.target_service"
        },
        {
          "name": "value",
          "type": "string"
        }
      ],
      "outputs": [
        {
          "name": "case",
          "type": "object"
        }
      ]
    },
    {
      "name": "trendV1Soar.get_hash_from_file",
      "display_name": "Get Hash From File",
      "module": "trendV1Soar.src.get_hash_from_file.GetHashFromFile",
      "type": "MISTRAL",
      "inputs": [
        {
          "name": "url",
          "type": "string"
        }
      ],
      "outputs": [
        {
          "name": "md5Hash",
          "type": "string"
        },
        {
          "name": "sha1Hash",
          "type": "string"
        },
        {
          "name": "sha256Hash",
          "type": "string"
        },
        {
          "name": "sha512Hash",
          "type": "string"
        }
      ]
    },
    {
      "name": "trendV1Soar.get_ip_type",
      "display_name": "Get IP Type",
      "module": "trendV1Soar.src.get_ip_type.GetIPTypeAction",
      "type": "MISTRAL",
      "inputs": [
        {
          "name": "ip",
          "type": "string"
        }
      ],
      "outputs": [
        {
          "name": "ip_type",
          "type": "string"
        },
        {
          "name": "ip",
          "type": "string"
        }
      ]
    },
    {
      "name": "trendV1Soar.query_customer_discovery",
      "display_name": "Query Customer Discovery",
      "module": "trendV1Soar.src.query_customer_discovery.QueryCustomerDiscoveryAction",
      "type": "MISTRAL",
      "inputs": [
        {
          "name": "query",
          "type": "string"
        }
      ],
      "outputs": [
        {
          "name": "asset_type",
          "type": "integer"
        },
        {
          "name": "value",
          "type": "string"
        },
        {
          "name": "description",
          "type": "string"
        },
        {
          "name": "extra_data",
          "type": "object"
        }
      ]
    },
    {
      "name": "trendV1Soar.close_case",
      "display_name": "Case Close",
      "module": "trendV1Soar.src.close_case.CaseCloseAction",
      "type": "MISTRAL",
      "inputs": [
        {
          "name": "closure_code",
          "type": "string",
          "required": true,
          "field": "closure_code"
        }
      ],
      "outputs": [
        {
          "name": "id",
          "type": "integer"
        },
        {
          "name": "title",
          "type": "string"
        },
        {
          "name": "description",
          "type": "string"
        },
        {
          "name": "created",
          "type": "string"
        },
        {
          "name": "modified",
          "type": "string"
        },
        {
          "name": "created_by",
          "type": "string"
        },
        {
          "name": "assigned_to_group",
          "type": "object"
        },
        {
          "name": "assigned_to_users",
          "type": "object"
        },
        {
          "name": "is_confidential",
          "type": "boolean"
        },
        {
          "name": "is_reopened",
          "type": "boolean"
        },
        {
          "name": "status",
          "type": "string"
        },
        {
          "name": "priority",
          "type": "integer"
        },
        {
          "name": "impact",
          "type": "integer"
        },
        {
          "name": "alert_source",
          "type": "integer"
        },
        {
          "name": "closure_code",
          "type": "integer"
        },
        {
          "name": "category",
          "type": "integer"
        },
        {
          "name": "related_cases",
          "type": "array"
        },
        {
          "name": "mitre",
          "type": "array"
        },
        {
          "name": "uid",
          "type": "string"
        },
        {
          "name": "tenant_id",
          "type": "integer"
        },
        {
          "name": "attachments",
          "type": "array"
        },
        {
          "name": "tlp",
          "type": "string"
        },
        {
          "name": "kill_chain",
          "type": "string"
        },
        {
          "name": "due_date",
          "type": "string"
        }
      ]
    },
    {
      "name": "trendV1Soar.escalate_to_group",
      "display_name": "Escalate the group",
      "module": "trendV1Soar.src.escalate_to_group.EscalateToGroupAction",
      "type": "MISTRAL",
      "inputs": [
        {
          "name": "group",
          "type": "object"
        }
      ],
      "outputs": [
        {
          "name": "id",
          "type": "integer"
        },
        {
          "name": "title",
          "type": "string"
        },
        {
          "name": "description",
          "type": "string"
        },
        {
          "name": "created",
          "type": "string"
        },
        {
          "name": "modified",
          "type": "string"
        },
        {
          "name": "created_by",
          "type": "string"
        },
        {
          "name": "assigned_to_group",
          "type": "object"
        },
        {
          "name": "assigned_to_users",
          "type": "object"
        },
        {
          "name": "is_confidential",
          "type": "boolean"
        },
        {
          "name": "is_reopened",
          "type": "boolean"
        },
        {
          "name": "status",
          "type": "string"
        },
        {
          "name": "priority",
          "type": "integer"
        },
        {
          "name": "impact",
          "type": "integer"
        },
        {
          "name": "alert_source",
          "type": "integer"
        },
        {
          "name": "closure_code",
          "type": "integer"
        },
        {
          "name": "category",
          "type": "integer"
        },
        {
          "name": "related_cases",
          "type": "array"
        },
        {
          "name": "mitre",
          "type": "array"
        },
        {
          "name": "uid",
          "type": "string"
        },
        {
          "name": "tenant_id",
          "type": "integer"
        },
        {
          "name": "attachments",
          "type": "array"
        },
        {
          "name": "tlp",
          "type": "string"
        },
        {
          "name": "kill_chain",
          "type": "string"
        },
        {
          "name": "due_date",
          "type": "string"
        }
      ]
    },
    {
      "name": "trendV1Soar.add_to_customer_discovery",
      "display_name": "Add to Customer Discovery",
      "module": "trendV1Soar.src.add_to_customer_discovery.AddToCustomerDiscovery",
      "type": "MISTRAL",
      "inputs": [
        {
          "name": "asset_type",
          "type": "string"
        },
        {
          "name": "value",
          "type": "string"
        },
        {
          "name": "description",
          "type": "string"
        },
        {
          "name": "category",
          "type": "string"
        }
      ],
      "outputs": [
        {
          "name": "status",
          "type": "boolean"
        },
        {
          "name": "message",
          "type": "string"
        }
      ]
    },
    {
      "name": "trendV1Soar.send_email",
      "display_name": "Send Email",
      "module": "trendV1Soar.src.send_email.SendEmail",
      "type": "MISTRAL",
      "inputs": [
        {
          "name": "subject",
          "type": "string",
          "required": true
        },
        {
          "name": "recipients",
          "type": "array",
          "field": "recipients",
          "required": true
        },
        {
          "name": "message",
          "type": "string",
          "required": true
        }
      ],
      "outputs": [
        {
          "name": "status",
          "type": "boolean"
        },
        {
          "name": "message",
          "type": "string"
        }
      ]
    },
    {
      "name": "trendV1Soar.add_attachment",
      "display_name": "Add Attachment",
      "module": "trendV1Soar.src.add_attachment.AddAttachment",
      "type": "MISTRAL",
      "inputs": [
        {
          "name": "url",
          "type": "string"
        }
      ],
      "outputs": [
        {
          "name": "status",
          "type": "boolean"
        },
        {
          "name": "message",
          "type": "string"
        }
      ]
    },
    {
      "name": "trendV1Soar.change_status_to_in_progress",
      "display_name": "Case Status to In Progress",
      "module": "trendV1Soar.src.case_status_to_in_progress.CaseStatusToInProgressAction",
      "type": "MISTRAL",
      "inputs": [
        {
          "name": "status",
          "type": "string",
          "value": "In Progress",
          "field": "status",
          "required": true,
          "disabled": true
        }
      ],
      "outputs": [
        {
          "name": "id",
          "type": "integer"
        },
        {
          "name": "title",
          "type": "string"
        },
        {
          "name": "description",
          "type": "string"
        },
        {
          "name": "created",
          "type": "string"
        },
        {
          "name": "modified",
          "type": "string"
        },
        {
          "name": "created_by",
          "type": "string"
        },
        {
          "name": "assigned_to_group",
          "type": "object"
        },
        {
          "name": "assigned_to_users",
          "type": "object"
        },
        {
          "name": "is_confidential",
          "type": "boolean"
        },
        {
          "name": "is_reopened",
          "type": "boolean"
        },
        {
          "name": "status",
          "type": "string"
        },
        {
          "name": "priority",
          "type": "integer"
        },
        {
          "name": "impact",
          "type": "integer"
        },
        {
          "name": "alert_source",
          "type": "integer"
        },
        {
          "name": "closure_code",
          "type": "integer"
        },
        {
          "name": "category",
          "type": "integer"
        },
        {
          "name": "related_cases",
          "type": "array"
        },
        {
          "name": "mitre",
          "type": "array"
        },
        {
          "name": "uid",
          "type": "string"
        },
        {
          "name": "tenant_id",
          "type": "integer"
        },
        {
          "name": "attachments",
          "type": "array"
        },
        {
          "name": "tlp",
          "type": "string"
        },
        {
          "name": "kill_chain",
          "type": "string"
        },
        {
          "name": "due_date",
          "type": "string"
        }
      ]
    },
    {
      "name": "trendV1Soar.change_status_to_waiting",
      "display_name": "Case Status to Waiting",
      "module": "trendV1Soar.src.case_status_to_waiting.CaseStatusToWaitingAction",
      "type": "MISTRAL",
      "inputs": [
        {
          "name": "status",
          "type": "string",
          "value": "Waiting",
          "field": "status",
          "required": true,
          "disabled": true,
          "worknote_required": true
        }
      ],
      "outputs": [
        {
          "name": "id",
          "type": "integer"
        },
        {
          "name": "title",
          "type": "string"
        },
        {
          "name": "description",
          "type": "string"
        },
        {
          "name": "created",
          "type": "string"
        },
        {
          "name": "modified",
          "type": "string"
        },
        {
          "name": "created_by",
          "type": "string"
        },
        {
          "name": "assigned_to_group",
          "type": "object"
        },
        {
          "name": "assigned_to_users",
          "type": "object"
        },
        {
          "name": "is_confidential",
          "type": "boolean"
        },
        {
          "name": "is_reopened",
          "type": "boolean"
        },
        {
          "name": "status",
          "type": "string"
        },
        {
          "name": "priority",
          "type": "integer"
        },
        {
          "name": "impact",
          "type": "integer"
        },
        {
          "name": "alert_source",
          "type": "integer"
        },
        {
          "name": "closure_code",
          "type": "integer"
        },
        {
          "name": "category",
          "type": "integer"
        },
        {
          "name": "related_cases",
          "type": "array"
        },
        {
          "name": "mitre",
          "type": "array"
        },
        {
          "name": "uid",
          "type": "string"
        },
        {
          "name": "tenant_id",
          "type": "integer"
        },
        {
          "name": "attachments",
          "type": "array"
        },
        {
          "name": "tlp",
          "type": "string"
        },
        {
          "name": "kill_chain",
          "type": "string"
        },
        {
          "name": "due_date",
          "type": "string"
        }
      ]
    },
    {
      "name": "trendV1Soar.assign_priority_and_impact",
      "display_name": "Assign Priority and Impact",
      "module": "trendV1Soar.src.assign_priority_and_impact.AssignPriorityAndImpact",
      "type": "MISTRAL",
      "inputs": [
        {
          "name": "priority",
          "type": "string",
          "field": "priority",
          "dependent": "impact",
          "required": true
        },
        {
          "name": "impact",
          "type": "string",
          "field": "impact",
          "disabled": true,
          "required": true
        }
      ],
      "outputs": [
        {
          "name": "id",
          "type": "integer"
        },
        {
          "name": "title",
          "type": "string"
        },
        {
          "name": "description",
          "type": "string"
        },
        {
          "name": "created",
          "type": "string"
        },
        {
          "name": "modified",
          "type": "string"
        },
        {
          "name": "created_by",
          "type": "string"
        },
        {
          "name": "assigned_to_group",
          "type": "object"
        },
        {
          "name": "assigned_to_users",
          "type": "object"
        },
        {
          "name": "is_confidential",
          "type": "boolean"
        },
        {
          "name": "is_reopened",
          "type": "boolean"
        },
        {
          "name": "status",
          "type": "string"
        },
        {
          "name": "priority",
          "type": "integer"
        },
        {
          "name": "impact",
          "type": "integer"
        },
        {
          "name": "alert_source",
          "type": "integer"
        },
        {
          "name": "closure_code",
          "type": "integer"
        },
        {
          "name": "category",
          "type": "integer"
        },
        {
          "name": "related_cases",
          "type": "array"
        },
        {
          "name": "mitre",
          "type": "array"
        },
        {
          "name": "uid",
          "type": "string"
        },
        {
          "name": "tenant_id",
          "type": "integer"
        },
        {
          "name": "attachments",
          "type": "array"
        },
        {
          "name": "tlp",
          "type": "string"
        },
        {
          "name": "kill_chain",
          "type": "string"
        },
        {
          "name": "due_date",
          "type": "string"
        }
      ]
    },
    {
      "name": "trendV1Soar.assign_kill_chain",
      "display_name": "Assign Kill Chain",
      "module": "trendV1Soar.src.assign_kill_chain.AssignKillChain",
      "type": "MISTRAL",
      "inputs": [
        {
          "name": "kill_chain",
          "type": "string",
          "field": "kill_chain",
          "required": true
        }
      ],
      "outputs": [
        {
          "name": "id",
          "type": "integer"
        },
        {
          "name": "title",
          "type": "string"
        },
        {
          "name": "description",
          "type": "string"
        },
        {
          "name": "created",
          "type": "string"
        },
        {
          "name": "modified",
          "type": "string"
        },
        {
          "name": "created_by",
          "type": "string"
        },
        {
          "name": "assigned_to_group",
          "type": "object"
        },
        {
          "name": "assigned_to_users",
          "type": "object"
        },
        {
          "name": "is_confidential",
          "type": "boolean"
        },
        {
          "name": "is_reopened",
          "type": "boolean"
        },
        {
          "name": "status",
          "type": "string"
        },
        {
          "name": "priority",
          "type": "integer"
        },
        {
          "name": "impact",
          "type": "integer"
        },
        {
          "name": "alert_source",
          "type": "integer"
        },
        {
          "name": "closure_code",
          "type": "integer"
        },
        {
          "name": "category",
          "type": "integer"
        },
        {
          "name": "related_cases",
          "type": "array"
        },
        {
          "name": "mitre",
          "type": "array"
        },
        {
          "name": "uid",
          "type": "string"
        },
        {
          "name": "tenant_id",
          "type": "integer"
        },
        {
          "name": "attachments",
          "type": "array"
        },
        {
          "name": "tlp",
          "type": "string"
        },
        {
          "name": "kill_chain",
          "type": "string"
        },
        {
          "name": "due_date",
          "type": "string"
        }
      ]
    },
    {
      "name": "trendV1Soar.assign_tlp",
      "display_name": "Assign TLP",
      "module": "trendV1Soar.src.assign_tlp.AssignTLP",
      "type": "MISTRAL",
      "inputs": [
        {
          "name": "tlp",
          "type": "string",
          "field": "tlp",
          "required": true
        }
      ],
      "outputs": [
        {
          "name": "id",
          "type": "integer"
        },
        {
          "name": "title",
          "type": "string"
        },
        {
          "name": "description",
          "type": "string"
        },
        {
          "name": "created",
          "type": "string"
        },
        {
          "name": "modified",
          "type": "string"
        },
        {
          "name": "created_by",
          "type": "string"
        },
        {
          "name": "assigned_to_group",
          "type": "object"
        },
        {
          "name": "assigned_to_users",
          "type": "object"
        },
        {
          "name": "is_confidential",
          "type": "boolean"
        },
        {
          "name": "is_reopened",
          "type": "boolean"
        },
        {
          "name": "status",
          "type": "string"
        },
        {
          "name": "priority",
          "type": "integer"
        },
        {
          "name": "impact",
          "type": "integer"
        },
        {
          "name": "alert_source",
          "type": "integer"
        },
        {
          "name": "closure_code",
          "type": "integer"
        },
        {
          "name": "category",
          "type": "integer"
        },
        {
          "name": "related_cases",
          "type": "array"
        },
        {
          "name": "mitre",
          "type": "array"
        },
        {
          "name": "uid",
          "type": "string"
        },
        {
          "name": "tenant_id",
          "type": "integer"
        },
        {
          "name": "attachments",
          "type": "array"
        },
        {
          "name": "tlp",
          "type": "string"
        },
        {
          "name": "kill_chain",
          "type": "string"
        },
        {
          "name": "due_date",
          "type": "string"
        }
      ]
    },
    {
      "name": "trendV1Soar.assign_mitre",
      "display_name": "Assign Mitre",
      "module": "trendV1Soar.src.assign_mitre.AssignMitre",
      "type": "MISTRAL",
      "inputs": [
        {
          "name": "mitre",
          "type": "array",
          "field": "mitre",
          "required": true
        }
      ],
      "outputs": [
        {
          "name": "id",
          "type": "integer"
        },
        {
          "name": "title",
          "type": "string"
        },
        {
          "name": "description",
          "type": "string"
        },
        {
          "name": "created",
          "type": "string"
        },
        {
          "name": "modified",
          "type": "string"
        },
        {
          "name": "created_by",
          "type": "string"
        },
        {
          "name": "assigned_to_group",
          "type": "object"
        },
        {
          "name": "assigned_to_users",
          "type": "object"
        },
        {
          "name": "is_confidential",
          "type": "boolean"
        },
        {
          "name": "is_reopened",
          "type": "boolean"
        },
        {
          "name": "status",
          "type": "string"
        },
        {
          "name": "priority",
          "type": "integer"
        },
        {
          "name": "impact",
          "type": "integer"
        },
        {
          "name": "alert_source",
          "type": "integer"
        },
        {
          "name": "closure_code",
          "type": "integer"
        },
        {
          "name": "category",
          "type": "integer"
        },
        {
          "name": "related_cases",
          "type": "array"
        },
        {
          "name": "mitre",
          "type": "array"
        },
        {
          "name": "uid",
          "type": "string"
        },
        {
          "name": "tenant_id",
          "type": "integer"
        },
        {
          "name": "attachments",
          "type": "array"
        },
        {
          "name": "tlp",
          "type": "string"
        },
        {
          "name": "kill_chain",
          "type": "string"
        },
        {
          "name": "due_date",
          "type": "string"
        }
      ]
    },
    {
      "name": "trendV1Soar.assign_phase",
      "display_name": "Assign Phase",
      "module": "trendV1Soar.src.assign_phase.AssignPhase",
      "type": "MISTRAL",
      "inputs": [
        {
          "name": "assigned_ir_framework",
          "type": "string",
          "field": "assigned_ir_framework",
          "required": true
        }
      ],
      "outputs": [
        {
          "name": "id",
          "type": "integer"
        },
        {
          "name": "title",
          "type": "string"
        },
        {
          "name": "description",
          "type": "string"
        },
        {
          "name": "created",
          "type": "string"
        },
        {
          "name": "modified",
          "type": "string"
        },
        {
          "name": "created_by",
          "type": "string"
        },
        {
          "name": "assigned_to_group",
          "type": "object"
        },
        {
          "name": "assigned_to_users",
          "type": "object"
        },
        {
          "name": "is_confidential",
          "type": "boolean"
        },
        {
          "name": "is_reopened",
          "type": "boolean"
        },
        {
          "name": "status",
          "type": "string"
        },
        {
          "name": "priority",
          "type": "integer"
        },
        {
          "name": "impact",
          "type": "integer"
        },
        {
          "name": "alert_source",
          "type": "integer"
        },
        {
          "name": "closure_code",
          "type": "integer"
        },
        {
          "name": "category",
          "type": "integer"
        },
        {
          "name": "related_cases",
          "type": "array"
        },
        {
          "name": "mitre",
          "type": "array"
        },
        {
          "name": "uid",
          "type": "string"
        },
        {
          "name": "tenant_id",
          "type": "integer"
        },
        {
          "name": "attachments",
          "type": "array"
        },
        {
          "name": "tlp",
          "type": "string"
        },
        {
          "name": "kill_chain",
          "type": "string"
        },
        {
          "name": "due_date",
          "type": "string"
        }
      ]
    },
    {
      "name": "trendV1Soar.assign_to_users",
      "display_name": "Assign to Users",
      "module": "trendV1Soar.src.assign_to_users.AssignToUsers",
      "type": "MISTRAL",
      "inputs": [
        {
          "name": "group",
          "type": "string",
          "field": "group",
          "dependent": "assigned_to_users",
          "required": true
        },
        {
          "name": "assigned_to_users",
          "type": "array",
          "field": "assigned_to_users",
          "required": true
        }
      ],
      "outputs": [
        {
          "name": "case",
          "type": "object"
        }
      ]
    },
    {
      "name": "trendV1Soar.match_text_to_regex",
      "display_name": "Match Text to Regex",
      "module": "trendV1Soar.src.match_text_to_regex.MatchTextToRegex",
      "type": "MISTRAL",
      "inputs": [
        {
          "name": "regex",
          "type": "string",
          "required": true
        },
        {
          "name": "text",
          "type": "string",
          "required": true
        }
      ],
      "outputs": [
        {
          "name": "matches",
          "type": "object"
        }
      ]
    }
  ]
}
