{
  "name": "abuseIPDB",
  "display_name": "AbuseIPDB",
  "category": "IP Lookup",
  "config": {
    "title": "api_key",
    "type": "object",
    "additionalProperties": false,
    "properties": {
      "api_key": {
        "type": "string"
      }
    }
  },
   "test_config": {
    "name": "abuseIPDB.test_integration",
    "module": "abuseIPDB.src.test_integration.TestIntegration",
    "inputs": [
      {
        "name": "ip",
        "value": "8.8.8.8",
        "type": "string"
      }
    ]
  },
  "actions": [
    {
      "name": "abuseIPDB.checkIP",
      "display_name": "Get IP Address info from AbuseIPDB",
      "module": "abuseIPDB.src.checkIP.CheckIPAction",
      "type": "MISTRAL",
      "inputs": [
        {
          "name": "ip",
          "type": "string"
        }
      ],
      "outputs": [
        {
          "name": "ipAddress",
          "type": "string"
        },
        {
          "name": "isPublic",
          "type": "boolean"
        },
        {
          "name": "ipVersion",
          "type": "integer"
        },
        {
          "name": "abuseConfidenceScore",
          "type": "integer"
        },
        {
          "name": "countryCode",
          "type": "string"
        },
        {
          "name": "usageType",
          "type": "string"
        },
        {
          "name": "isp",
          "type": "string"
        },
        {
          "name": "domain",
          "type": "string"
        },
        {
          "name": "totalReports",
          "type": "integer"
        },
        {
          "name": "numDistinctUsers",
          "type": "integer"
        },
        {
          "name": "response_code",
          "type": "integer"
        }
      ]
    }
  ]
}