{
  "name": "whois",
  "display_name": "WhoIs",
  "category": "Whois",
  "config": {
    "title": "api_key",
    "type": "object",
    "additionalProperties": false,
    "properties": {
      "api_key": {
        "type": "string"
      }
    }
  },
   "test_config": {
    "name": "whois.test_integration",
    "module": "whois.src.test_integration.TestIntegration",
    "inputs": [
      {
        "name": "domain",
        "value": "google.co",
        "type": "string"
      }
    ]
  },
  "actions": [
    {
      "name": "whois.query_whois",
      "display_name": "Get the whois information for a domain or URL",
      "type": "MISTRAL",
      "module": "whois.src.query_whois.QueryWhoIsAction",
      "inputs": [
        {
          "name": "domain",
          "type": "string"
        }
      ],
      "outputs": [
        {
          "name": "disclaimer",
          "type": "string"
        },
        {
          "name": "domain",
          "type": "string"
        },
        {
          "name": "domain_id",
          "type": "string"
        },
        {
          "name": "status",
          "type": "string"
        },
        {
          "name": "available",
          "type": "boolean"
        },
        {
          "name": "registered",
          "type": "boolean"
        },
        {
          "name": "created_on",
          "type": "string"
        },
        {
          "name": "updated_on",
          "type": "string"
        },
        {
          "name": "expires_on",
          "type": "string"
        },
        {
          "name": "registrar",
          "type": "object"
        },
        {
          "name": "registrant_contacts",
          "type": "array"
        },{
          "name": "admin_contacts",
          "type": "array"
        },
        {
          "name": "technical_contacts",
          "type": "array"
        },
        {
          "name": "nameservers",
          "type": "array"
        },
        {
          "name": "raw",
          "type": "string"
        },
        {
          "name": "response_code",
          "type": "integer"
        }
      ]
    }
  ]
}