{
    "name": "trendmicro_vision_one",
    "display_name": "Trend Micro VisionOne",
    "category" : "Security",
    "config": {
        "properties": {
            "api_key": {
                "type": "string"
            },
            "base_url": {
                "type": "string"
            }
        }
    },
    "actions": [
        {
            "name": "trendmicro_vision_one.anlyz_trend_micro_vision_one_action_1_add_to_block_list",
            "display_name": "Adds a file SHA-1, IP address, domain, or URL object to the User-Defined Suspicious Objects List, which blocks the objects on subsequent detections",
            "type": "MISTRAL",
            "module": "trendmicro_vision_one.src.anlyz_trend_micro_vision_one_action_1_add_to_block_list.Anlyz_TrendMicroVisionOneAction_AddToBlockList",
            "inputs": [
                {
                    "name": "anlyz_trend_micro_vision_one_value_type",
                    "type": "string"
                },
                {
                    "name": "anlyz_trend_micro_vision_one_target_value",
                    "type": "string"
                },
                {
                    "name": "anlyz_trend_micro_vision_one_product_id",
                    "type": "string"
                },
                {
                    "name": "anlyz_trend_micro_vision_one_description",
                    "type": "string"
                }
            ],
            "outputs": [
                {
                    "name": "anlyz_trend_micro_vision_one_action_1_add_to_block_list_output",
                    "type": "string"
                }
            ]
        },
        {
            "name": "trendmicro_vision_one.anlyz_trend_micro_vision_one_action_2_remove_from_block_list",
            "display_name": "Removes a file SHA-1, IP address, domain, or URL from the User-Defined Suspicious Objects List",
            "type": "MISTRAL",
            "module": "trendmicro_vision_one.src.anlyz_trend_micro_vision_one_action_2_remove_from_block_list.Anlyz_TrendMicroVisionOneAction_RemoveFromBlockList",
            "inputs": [
                {
                    "name": "anlyz_trend_micro_vision_one_value_type",
                    "type": "string"
                },
                {
                    "name": "anlyz_trend_micro_vision_one_target_value",
                    "type": "string"
                },
                {
                    "name": "anlyz_trend_micro_vision_one_product_id",
                    "type": "string"
                },
                {
                    "name": "anlyz_trend_micro_vision_one_description",
                    "type": "string"
                }
            ],
            "outputs": [
                {
                    "name": "anlyz_trend_micro_vision_one_action_2_remove_from_block_list_output",
                    "type": "string"
                }
            ]
        },
        {
            "name": "trendmicro_vision_one.anlyz_trend_micro_vision_one_action_3_quarantine_email_message",
            "display_name": "Moves a message from a mailbox to the quarantine folder",
            "type": "MISTRAL",
            "module": "trendmicro_vision_one.src.anlyz_trend_micro_vision_one_action_3_quarantine_email_message.Anlyz_TrendMicroVisionOneAction_QuarantineEmailMessage",
            "inputs": [
                {
                    "name": "anlyz_trend_micro_vision_one_message_id",
                    "type": "string"
                },
                {
                    "name": "anlyz_trend_micro_vision_one_mailbox",
                    "type": "string"
                },
                {
                    "name": "anlyz_trend_micro_vision_one_message_delivery_time",
                    "type": "string"
                },
                {
                    "name": "anlyz_trend_micro_vision_one_product_id",
                    "type": "string"
                },
                {
                    "name": "anlyz_trend_micro_vision_one_description",
                    "type": "string"
                }
            ],
            "outputs": [
                {
                    "name": "anlyz_trend_micro_vision_one_action_3_quarantine_email_message_output",
                    "type": "string"
                }
            ]
        },
        {
            "name": "trendmicro_vision_one.anlyz_trend_micro_vision_one_action_4_delete_email_message",
            "display_name": "Deletes a message from a mailbox",
            "type": "MISTRAL",
            "module": "trendmicro_vision_one.src.anlyz_trend_micro_vision_one_action_4_delete_email_message.Anlyz_TrendMicroVisionOneAction_DeleteEmailMessage",
            "inputs": [
                {
                    "name": "anlyz_trend_micro_vision_one_message_id",
                    "type": "string"
                },
                {
                    "name": "anlyz_trend_micro_vision_one_mailbox",
                    "type": "string"
                },
                {
                    "name": "anlyz_trend_micro_vision_one_message_delivery_time",
                    "type": "string"
                },
                {
                    "name": "anlyz_trend_micro_vision_one_product_id",
                    "type": "string"
                },
                {
                    "name": "anlyz_trend_micro_vision_one_description",
                    "type": "string"
                }
            ],
            "outputs": [
                {
                    "name": "anlyz_trend_micro_vision_one_action_4_delete_email_message_output",
                    "type": "string"
                }
            ]
        },
        {
            "name": "trendmicro_vision_one.anlyz_trend_micro_vision_one_action_5_isolate_endpoint",
            "display_name": "Disconnects an endpoint from the network (but allows communication with the managing Trend Micro product)",
            "type": "MISTRAL",
            "module": "trendmicro_vision_one.src.anlyz_trend_micro_vision_one_action_5_isolate_endpoint.Anlyz_TrendMicroVisionOneAction_IsolateEndPoint",
            "inputs": [
                {
                    "name": "anlyz_trend_micro_vision_one_end_point_id",
                    "type": "string"
                },
                {
                    "name": "anlyz_trend_micro_vision_one_product_id",
                    "type": "string"
                },
                {
                    "name": "anlyz_trend_micro_vision_one_description",
                    "type": "string"
                }
            ],
            "outputs": [
                {
                    "name": "anlyz_trend_micro_vision_one_action_5_isolate_endpoint_output",
                    "type": "string"
                }
            ]
        },
        {
            "name": "trendmicro_vision_one.anlyz_trend_micro_vision_one_action_6_restore_endpoint_connection",
            "display_name": "Restores network connectivity to an endpoint that applied the isolate endpoint action",
            "type": "MISTRAL",
            "module": "trendmicro_vision_one.src.anlyz_trend_micro_vision_one_action_6_restore_endpoint_connection.Anlyz_TrendMicroVisionOneAction_RestoreEndPointConnection",
            "inputs": [
                {
                    "name": "anlyz_trend_micro_vision_one_end_point_id",
                    "type": "string"
                },
                {
                    "name": "anlyz_trend_micro_vision_one_product_id",
                    "type": "string"
                },
                {
                    "name": "anlyz_trend_micro_vision_one_description",
                    "type": "string"
                }
            ],
            "outputs": [
                {
                    "name": "anlyz_trend_micro_vision_one_action_6_restore_endpoint_connection_output",
                    "type": "string"
                }
            ]
        },
        {
            "name": "trendmicro_vision_one.anlyz_trend_micro_vision_one_action_7_add_objects_to_exception_list",
            "display_name": "Adds domains,file SHA-1 values,IP addresses,or URLs to the Exception List and prevents these objects from being added to the Suspicious Object List",
            "type": "MISTRAL",
            "module": "trendmicro_vision_one.src.anlyz_trend_micro_vision_one_action_7_add_objects_to_exception_list.Anlyz_TrendMicroVisionOneAction_AddObjectsToExceptionList",
            "inputs": [
                {
                    "name": "anlyz_trend_micro_vision_one_type",
                    "type": "string"
                },
                {
                    "name": "anlyz_trend_micro_vision_one_value",
                    "type": "integer"
                },
                {
                    "name": "anlyz_trend_micro_vision_one_description",
                    "type": "string"
                }
            ],
            "outputs": [
                {
                    "name": "anlyz_trend_micro_vision_one_action_7_add_objects_to_exception_list_output",
                    "type": "string"
                }
            ]
        },
        {
            "name": "trendmicro_vision_one.anlyz_trend_micro_vision_one_action_8_delete_objects_from_exception_list",
            "display_name": "Deletes domains, file SHA-1 values, IP addresses, or URLs from the Exception List.",
            "type": "MISTRAL",
            "module": "trendmicro_vision_one.src.anlyz_trend_micro_vision_one_action_8_delete_objects_from_exception_list.Anlyz_TrendMicroVisionOneAction_DeleteObjectsFromExceptionList",
            "inputs": [
                {
                    "name": "anlyz_trend_micro_vision_one_type",
                    "type": "string"
                },
                {
                    "name": "anlyz_trend_micro_vision_one_value",
                    "type": "integer"
                },
                {
                    "name": "anlyz_trend_micro_vision_one_description",
                    "type": "string"
                }
            ],
            "outputs": [
                {
                    "name": "anlyz_trend_micro_vision_one_action_8_delete_objects_from_exception_list_output",
                    "type": "string"
                }
            ]
        },
        {
            "name": "trendmicro_vision_one.anlyz_trend_micro_vision_one_action_9_add_objects_to_suspicious_list",
            "display_name": "Adds domains, file SHA-1 values, IP addresses, or URLs to the Suspicious Object List.",
            "type": "MISTRAL",
            "module": "trendmicro_vision_one.src.anlyz_trend_micro_vision_one_action_9_add_objects_to_suspicious_list.Anlyz_TrendMicroVisionOneAction_AddObjectsToSuspiciousList",
            "inputs": [
                {
                    "name": "anlyz_trend_micro_vision_one_type",
                    "type": "string"
                },
                {
                    "name": "anlyz_trend_micro_vision_one_value",
                    "type": "integer"
                },
                {
                    "name": "anlyz_trend_micro_vision_one_description",
                    "type": "string"
                },
                {
                    "name": "anlyz_trend_micro_vision_scan_action",
                    "type": "string"
                },
                {
                    "name": "anlyz_trend_micro_vision_risk_level",
                    "type": "integer"
                },
                {
                    "name": "anlyz_trend_micro_vision_expiry_days",
                    "type": "integer"
                }
            ],
            "outputs": [
                {
                    "name": "anlyz_trend_micro_vision_one_action_9_add_objects_to_suspicious_list_output",
                    "type": "string"
                }
            ]
        },
        {
            "name": "trendmicro_vision_one.anlyz_trend_micro_vision_one_action_10_delete_objects_from_suspicious_list",
            "display_name": "Deletes domains, file SHA-1 values, IP addresses, or URLs from the Suspicious Object List.",
            "type": "MISTRAL",
            "module": "trendmicro_vision_one.src.anlyz_trend_micro_vision_one_action_10_delete_objects_from_suspicious_list.Anlyz_TrendMicroVisionOneAction_DeleteObjectsFromSuspiciousList",
            "inputs": [
                {
                    "name": "anlyz_trend_micro_vision_one_type",
                    "type": "string"
                },
                {
                    "name": "anlyz_trend_micro_vision_one_value",
                    "type": "integer"
                }
                
            ],
            "outputs": [
                {
                    "name": "anlyz_trend_micro_vision_one_action_10_delete_objects_from_suspicious_list_output",
                    "type": "string"
                }
            ]
        },
        {
            "name": "trendmicro_vision_one.anlyz_trend_micro_vision_one_action_11_get_endpoint_info",
            "display_name": "Retrieves information about a specific endpoint.",
            "type": "MISTRAL",
            "module": "trendmicro_vision_one.src.anlyz_trend_micro_vision_one_action_11_get_endpoint_info.Anlyz_TrendMicroVisionOneAction_GetEndPointInfo",
            "inputs": [
                {
                    "name": "anlyz_trend_micro_vision_one_end_point_id",
                    "type": "string"
                }
            ],
            "outputs": [
                {
                    "name": "anlyz_trend_micro_vision_one_action_11_get_endpoint_info_output",
                    "type": "string"
                }
            ]
        },
        {
            "name": "trendmicro_vision_one.anlyz_trend_micro_vision_one_action_12_terminate_process",
            "display_name": "Terminates a process that is running on an endpoint.",
            "type": "MISTRAL",
            "module": "trendmicro_vision_one.src.anlyz_trend_micro_vision_one_action_12_terminate_process.Anlyz_TrendMicroVisionOneAction_TerminateProcess",
            "inputs": [
                {
                    "name": "anlyz_trend_micro_vision_one_end_point_id",
                    "type": "string"
                },
                {
                    "name": "anlyz_trend_micro_vision_one_file_sha1",
                    "type": "string"
                },
                {
                    "name": "anlyz_trend_micro_vision_one_product_id",
                    "type": "string"
                },
                {
                    "name": "anlyz_trend_micro_vision_one_description",
                    "type": "string"
                },
                {
                    "name": "anlyz_trend_micro_vision_one_file_name",
                    "type": "string"
                }
            ],
            "outputs": [
                {
                    "name": "anlyz_trend_micro_vision_one_action_12_terminate_process_output",
                    "type": "string"
                }
            ]
        },
        {
            "name": "trendmicro_vision_one.anlyz_trend_micro_vision_one_action_13_get_file_analysis_status",
            "display_name": "Retrieves the status of a sandbox analysis submission.",
            "type": "MISTRAL",
            "module": "trendmicro_vision_one.src.anlyz_trend_micro_vision_one_action_13_get_file_analysis_status.Anlyz_TrendMicroVisionOneAction_GetFileAnalysisStatus",
            "inputs": [
                {
                    "name": "anlyz_trend_micro_vision_one_task_id",
                    "type": "string"
                }
            ],
            "outputs": [
                {
                    "name": "anlyz_trend_micro_vision_one_action_13_get_file_analysis_status_output",
                    "type": "string"
                }
            ]
        },
        {
            "name": "trendmicro_vision_one.anlyz_trend_micro_vision_one_action_14_get_file_analysis_report",
            "display_name": "Retrieves the analysis report, investigation package, or Suspicious Object List of a submitted file.",
            "type": "MISTRAL",
            "module": "trendmicro_vision_one.src.anlyz_trend_micro_vision_one_action_14_get_file_analysis_report.Anlyz_TrendMicroVisionOneAction_GetFileAnalysisReport",
            "inputs": [
                {
                    "name": "anlyz_trend_micro_vision_one_report_id",
                    "type": "string"
                },
                {
                    "name": "anlyz_trend_micro_vision_one_type",
                    "type": "string"
                }
            ],
            "outputs": [
                {
                    "name": "anlyz_trend_micro_vision_one_action_14_get_file_analysis_report_output",
                    "type": "string"
                }
            ]
        },
        {
            "name": "trendmicro_vision_one.anlyz_trend_micro_vision_one_action_15_collect_forensic_file",
            "display_name": "Compresses a file on an endpoint in a password-protected archive and then sends the archive to the XDR service platform.",
            "type": "MISTRAL",
            "module": "trendmicro_vision_one.src.anlyz_trend_micro_vision_one_action_15_collect_forensic_file.Anlyz_TrendMicroVisionOneAction_CollectForensicFile",
            "inputs": [
                {
                    "name": "anlyz_trend_micro_vision_one_end_point_id",
                    "type": "string"
                },
                {
                    "name": "anlyz_trend_micro_vision_one_product_id",
                    "type": "string"
                },
                {
                    "name": "anlyz_trend_micro_vision_one_file_path",
                    "type": "string"
                },
                {
                    "name": "anlyz_trend_micro_vision_os",
                    "type": "string"
                },
                {
                    "name": "anlyz_trend_micro_vision_one_description",
                    "type": "string"
                }
            ],
            "outputs": [
                {
                    "name": "anlyz_trend_micro_vision_one_action_15_collect_forensic_file_output",
                    "type": "string"
                }
            ]
        },
        {
            "name": "trendmicro_vision_one.anlyz_trend_micro_vision_one_action_16_download_information_for_collected_forensic_file",
            "display_name": "Retrieves a URL and other information required to download a collected file via the trendmicro-visionone-collect-forensic-file command.",
            "type": "MISTRAL",
            "module": "trendmicro_vision_one.src.anlyz_trend_micro_vision_one_action_16_download_information_for_collected_forensic_file.Anlyz_TrendMicroVisionOneAction_DownloadInformationForCollectedForensicFile",
            "inputs": [
                {
                    "name": "anlyz_trend_micro_vision_one_action_id",
                    "type": "string"
                }
            ],
            "outputs": [
                {
                    "name": "anlyz_trend_micro_vision_one_action_16_download_information_for_collected_forensic_file_output",
                    "type": "string"
                }
            ]
        },
        {
            "name": "trendmicro_vision_one.anlyz_trend_micro_vision_one_action_17_submit_file_to_sandbox",
            "display_name": "Submits a file to the sandbox for analysis (Note. For more information about the supported file types, see the Trend Micro Vision One Online Help. Submissions require credits. Does not require credits in regions where Sandbox Analysis has not been officially released.)",
            "type": "MISTRAL",
            "module": "trendmicro_vision_one.src.anlyz_trend_micro_vision_one_action_17_submit_file_to_sandbox.Anlyz_TrendMicroVisionOneAction_SubmitFileToSandbox",
            "inputs": [
                {
                    "name": "anlyz_trend_micro_vision_one_file_url",
                    "type": "string"
                },
                {
                    "name": "anlyz_trend_micro_vision_one_file_name",
                    "type": "string"
                },
                {
                    "name": "anlyz_trend_micro_vision_one_document_password",
                    "type": "string"
                },
                {
                    "name": "anlyz_trend_micro_vision_one_archive_password",
                    "type": "string"
                }
            ],
            "outputs": [
                {
                    "name": "anlyz_trend_micro_vision_one_action_17_submit_file_to_sandbox_output",
                    "type": "string"
                }
            ]
        },
        
        {
            "name": "trendmicro_vision_one.anlyz_trend_micro_vision_one_action_18_run_sandbox_submission_polling",
            "display_name": "Runs a polling command to retrieve the status of a sandbox analysis submission.",
            "type": "MISTRAL",
            "module": "trendmicro_vision_one.src.anlyz_trend_micro_vision_one_action_18_run_sandbox_submission_polling.Anlyz_TrendMicroVisionOneAction_RunSandboxSubmissionPolling",
            "inputs": [
                {
                    "name": "anlyz_trend_micro_vision_one_task_id",
                    "type": "string"
                }
            ],
            "outputs": [
                {
                    "name": "anlyz_trend_micro_vision_one_action_18_run_sandbox_submission_polling_output",
                    "type": "string"
                }
            ]
        },
        {
            "name": "trendmicro_vision_one.anlyz_trend_micro_vision_one_action_19_check_task_status",
            "display_name": "Command gives the status of the running task based on the action id.",
            "type": "MISTRAL",
            "module": "trendmicro_vision_one.src.anlyz_trend_micro_vision_one_action_19_check_task_status.Anlyz_TrendMicroVisionOneAction_CheckTaskStatus",
            "inputs": [
                {
                    "name": "anlyz_trend_micro_vision_one_action_id",
                    "type": "string"
                }
            ],
            "outputs": [
                {
                    "name": "anlyz_trend_micro_vision_one_action_19_check_task_status_output",
                    "type": "string"
                }
            ]
        },
        {
            "name": "trendmicro_vision_one.anlyz_trend_micro_vision_one_action_20_add_note",
            "display_name": "Attaches a note to a workbench alert",
            "type": "MISTRAL",
            "module": "trendmicro_vision_one.src.anlyz_trend_micro_vision_one_action_20_add_note.Anlyz_TrendMicroVisionOneAction_AddNote",
            "inputs": [
                {
                    "name": "anlyz_trend_micro_vision_one_work_bench_id",
                    "type": "string"
                },
                {
                    "name": "anlyz_trend_micro_vision_one_content",
                    "type": "string"
                }
            ],
            "outputs": [
                {
                    "name": "anlyz_trend_micro_vision_one_action_20_add_note_output",
                    "type": "string"
                }
            ]
        },
        {
            "name": "trendmicro_vision_one.anlyz_trend_micro_vision_one_action_21_update_status",
            "display_name": "Updates the status of a workbench alert",
            "type": "MISTRAL",
            "module": "trendmicro_vision_one.src.anlyz_trend_micro_vision_one_action_21_update_status.Anlyz_TrendMicroVisionOneAction_UpdateStatus",
            "inputs": [
                {
                    "name": "anlyz_trend_micro_vision_one_work_bench_id",
                    "type": "string"
                },
                {
                    "name": "anlyz_trend_micro_vision_one_status",
                    "type": "string"
                }
            ],
            "outputs": [
                {
                    "name": "anlyz_trend_micro_vision_one_action_21_update_status_output",
                    "type": "string"
                }
            ]
        }
        
    ]
}