{
  "name": "trendMicroVisionOneXDR",
  "display_name": "Trend Vision One XDR",
    "category": "XDR",
  "config": {
    "title": "api_key",
    "type": "object",
    "additionalProperties": false,
    "properties": {
      "api_key": {
        "type": "string",
        "sub_type": "secret"
      },
      "server_selection": {
        "type": "string",
        "options": [
          ["US", "https://api.xdr.trendmicro.com"],
          ["Singapore", "https://api.sg.xdr.trendmicro.com"],
          ["Japan", "https://api.xdr.trendmicro.co.jp"],
          ["India", "https://api.in.xdr.trendmicro.com"],
          ["Europe", "https://api.eu.xdr.trendmicro.com"],
          ["Australia", "https://api.au.xdr.trendmicro.com"],
          ["Custom", "custom"]
        ],
        "default": "US"
      }
    }
  },
  "test_config": {
    "name": "trendMicroVisionOneXDR.test_integration",
    "module": "trendMicroVisionOneXDR.src.test_integration.TestIntegration",
    "inputs": []
  },
  "actions": [
    {
      "name": "trendMicroVisionOneXDR.add_url_to_block_list",
      "display_name": "Add URL to block list",
      "type": "MISTRAL",
      "module": "trendMicroVisionOneXDR.src.actions.response_actions.common.blocklist.add_to_block_list.AddURLToBlockList",
      "inputs": [
        {
          "name": "target_value",
          "type": "string",
          "help": "URL that needs to be added to the blocklist",
          "required": true
        }
      ],
      "outputs": [
        {
          "name": "status",
          "type": "string"
        }
      ]
    },
    {
      "name": "trendMicroVisionOneXDR.add_domain_to_block_list",
      "display_name": "Add Domain to block list",
      "type": "MISTRAL",
      "module": "trendMicroVisionOneXDR.src.actions.response_actions.common.blocklist.add_to_block_list.AddDomainToBlockList",
      "inputs": [
        {
          "name": "target_value",
          "type": "string",
          "help": "Domain that needs to be added to the blocklist",
          "required": true
        }
      ],
      "outputs": [
        {
          "name": "status",
          "type": "string"
        }
      ]
    },
    {
      "name": "trendMicroVisionOneXDR.add_filehash_to_block_list",
      "display_name": "Add File Hash to block list",
      "type": "MISTRAL",
      "module": "trendMicroVisionOneXDR.src.actions.response_actions.common.blocklist.add_to_block_list.AddFileHashToBlockList",
      "inputs": [
        {
          "name": "target_value",
          "type": "string",
          "help": "File SHA1 that needs to be added to the blocklist",
          "required": true
        }
      ],
      "outputs": [
        {
          "name": "status",
          "type": "string"
        }
      ]
    },
    {
      "name": "trendMicroVisionOneXDR.add_sender_mail_address_to_block_list",
      "display_name": "Add Sender Mail Address to block list",
      "type": "MISTRAL",
      "module": "trendMicroVisionOneXDR.src.actions.response_actions.common.blocklist.add_to_block_list.AddSenderMailAddressToBlockList",
      "inputs": [
        {
          "name": "target_value",
          "type": "string",
          "help": "Sender Mail Address that needs to be added to the blocklist",
          "required": true
        }
      ],
      "outputs": [
        {
          "name": "status",
          "type": "string"
        }
      ]
    },
    {
      "name": "trendMicroVisionOneXDR.add_ip_to_block_list",
      "display_name": "Add IP to block list",
      "type": "MISTRAL",
      "module": "trendMicroVisionOneXDR.src.actions.response_actions.common.blocklist.add_to_block_list.AddIPToBlockList",
      "inputs": [
        {
          "name": "target_value",
          "type": "string",
          "help": "IP that needs to be added to the blocklist",
          "required": true
        }
      ],
      "outputs": [
        {
          "name": "status",
          "type": "string"
        }
      ]
    },
    {
      "name": "trendMicroVisionOneXDR.remove_url_from_block_list",
      "display_name": "Remove URL from block list",
      "type": "MISTRAL",
      "module": "trendMicroVisionOneXDR.src.actions.response_actions.common.blocklist.remove_from_block_list.RemoveURLFromBlockList",
      "inputs": [
        {
          "name": "target_value",
          "type": "string",
          "help": "URL that needs to be removed from the blocklist",
          "required": true
        }
      ],
      "outputs": [
        {
          "name": "status",
          "type": "string"
        }
      ]
    },
    {
      "name": "trendMicroVisionOneXDR.remove_domain_from_block_list",
      "display_name": "Remove Domain from block list",
      "type": "MISTRAL",
      "module": "trendMicroVisionOneXDR.src.actions.response_actions.common.blocklist.remove_from_block_list.RemoveDomainFromBlockList",
      "inputs": [
        {
          "name": "target_value",
          "type": "string",
          "help": "Domain that needs to be removed from the blocklist",
          "required": true
        }
      ],
      "outputs": [
        {
          "name": "status",
          "type": "string"
        }
      ]
    },
    {
      "name": "trendMicroVisionOneXDR.remove_filehash_from_block_list",
      "display_name": "Remove File Hash from block list",
      "type": "MISTRAL",
      "module": "trendMicroVisionOneXDR.src.actions.response_actions.common.blocklist.remove_from_block_list.RemoveFileHashFromBlockList",
      "inputs": [
        {
          "name": "target_value",
          "type": "string",
          "help": "File SHA1 that needs to be removed from the blocklist",
          "required": true
        }
      ],
      "outputs": [
        {
          "name": "status",
          "type": "string"
        }
      ]
    },
    {
      "name": "trendMicroVisionOneXDR.remove_sender_mail_address_from_block_list",
      "display_name": "Remove Sender Mail Address from block list",
      "type": "MISTRAL",
      "module": "trendMicroVisionOneXDR.src.actions.response_actions.common.blocklist.remove_from_block_list.RemoveSenderMailAddressFromBlockList",
      "inputs": [
        {
          "name": "target_value",
          "type": "string",
          "help": "Sender Mail Address that needs to be removed from the blocklist",
          "required": true
        }
      ],
      "outputs": [
        {
          "name": "status",
          "type": "string"
        }
      ]
    },
    {
      "name": "trendMicroVisionOneXDR.remove_ip_from_block_list",
      "display_name": "Remove IP from block list",
      "type": "MISTRAL",
      "module": "trendMicroVisionOneXDR.src.actions.response_actions.common.blocklist.remove_from_block_list.RemoveIPFromBlockList",
      "inputs": [
        {
          "name": "target_value",
          "type": "string",
          "help": "IP that needs to be removed from the blocklist",
          "required": true
        }
      ],
      "outputs": [
        {
          "name": "status",
          "type": "string"
        }
      ]
    },
    {
      "name": "trendMicroVisionOneXDR.quarantine_email_message",
      "display_name": "Quarantine Email Message",
      "type": "MISTRAL",
      "module": "trendMicroVisionOneXDR.src.actions.response_actions.email.quarantine_email_message.QuarantineEmailMessage",
      "inputs": [
        {
          "name": "messageId",
          "type": "string",
          "help": "ID of the message, If left blank default value will be case.extra_data.email_message_id"
        }
      ],
      "outputs": [
        {
          "name": "status",
          "type": "string"
        }
      ]
    },
    {
      "name": "trendMicroVisionOneXDR.restore_email_message",
      "display_name": "Restore Email Message",
      "type": "MISTRAL",
      "module": "trendMicroVisionOneXDR.src.actions.response_actions.email.restore_email_message.RestoreEmailMessage",
      "inputs": [
        {
          "name": "messageId",
          "type": "string",
          "help": "ID of the message, If left blank default value will be case.extra_data.email_message_id"
        }
      ],
      "outputs": [
        {
          "name": "status",
          "type": "string"
        }
      ]
    },
    {
      "name": "trendMicroVisionOneXDR.delete_email_message",
      "display_name": "Delete Email Message",
      "type": "MISTRAL",
      "module": "trendMicroVisionOneXDR.src.actions.response_actions.email.delete_email_message.DeleteEmailMessage",
      "inputs": [
        {
          "name": "messageId",
          "type": "string",
          "help": "ID of the message, If left blank default value will be case.extra_data.email_message_id"
        }
      ],
      "outputs": [
        {
          "name": "status",
          "type": "string"
        }
      ]
    },
    {
      "name": "trendMicroVisionOneXDR.isolate_endpoint",
      "display_name": "Isolate Endpoint",
      "type": "MISTRAL",
      "module": "trendMicroVisionOneXDR.src.actions.response_actions.endpoint.isolate_endpoint.IsolateEndpoint",
      "inputs": [
        {
          "name": "agentGuid",
          "type": "string",
          "help": "ID of the computer which needs to be isolated",
          "required": true
        }
      ],
      "outputs": [
        {
          "name": "status",
          "type": "string"
        }
      ]
    },
    {
      "name": "trendMicroVisionOneXDR.restore_isolated_endpoint",
      "display_name": "Restore Isolated Endpoint",
      "type": "MISTRAL",
      "module": "trendMicroVisionOneXDR.src.actions.response_actions.endpoint.restore_isolated_endpoint.RestoreIsolatedEndpoint",
      "inputs": [
        {
          "name": "agentGuid",
          "type": "string",
          "help": "ID of the computer which was isolated earlier and now needs to be restored",
          "required": true
        }
      ],
      "outputs": [
        {
          "name": "status",
          "type": "string"
        }
      ]
    },
    {
      "name": "trendMicroVisionOneXDR.terminate_process",
      "display_name": "Terminate a Process",
      "type": "MISTRAL",
      "module": "trendMicroVisionOneXDR.src.actions.response_actions.endpoint.terminate_process.TerminateProcess",
      "inputs": [
        {
          "name": "agentGuid",
          "type": "string",
          "help": "ID of the computer from which the process has to be terminated",
          "required": true
        },
        {
          "name": "fileSha1",
          "type": "string",
          "help": "SHA1 Hash of the file which is associated with the process",
          "required": true
        }
      ],
      "outputs": [
        {
          "name": "status",
          "type": "string"
        }
      ]
    },
    {
      "name": "trendMicroVisionOneXDR.collect_file",
      "display_name": "Collect File and get Download Info",
      "type": "MISTRAL",
      "module": "trendMicroVisionOneXDR.src.actions.response_actions.endpoint.collect_file.CollectFile",
      "inputs": [
        {
          "name": "agentGuid",
          "type": "string",
          "help": "ID of the agent from where the file needs to be collected",
          "required": true
        },
        {
          "name": "filePath",
          "type": "string",
          "help": "Full path of the file",
          "required": true
        }
      ],
      "outputs": [
        {
          "name": "status",
          "type": "string"
        }
      ]
    },
    {
      "name": "trendMicroVisionOneXDR.SearchEndpointActivityData",
      "display_name": "Search Endpoint Activity Data",
      "type": "MISTRAL",
      "module": "trendMicroVisionOneXDR.src.actions.search.search_for_data.SearchEndpointActivityData",
      "inputs": [
        {
          "name": "from_timestamp",
          "type": "int",
          "help": "Start of the time range in which data is to be searched. If left blank default value will be (To Timestamp - 7 days)"
        },
        {
          "name": "to_timestamp",
          "type": "int",
          "help": "End of the time range in which data is to be searched. If left blank default value will be the current time at the execution of the playbook"
        },
        {
          "name": "query",
          "type": "string",
          "help": "For help refer https://docs.trendmicro.com/en-us/enterprise/trend-micro-xdr-help/DataMappingTables"
        }
      ],
      "outputs": [
        {
          "name": "results",
          "type": "array"
        }
      ]
    },
    {
      "name": "trendMicroVisionOneXDR.SearchDetectionData",
      "display_name": "Search Detection Data",
      "type": "MISTRAL",
      "module": "trendMicroVisionOneXDR.src.actions.search.search_for_data.SearchDetectionData",
      "inputs": [
        {
          "name": "from_timestamp",
          "type": "int",
          "help": "Start of the time range in which data is to be searched. If left blank default value will be (To Timestamp - 7 days)"
        },
        {
          "name": "to_timestamp",
          "type": "int",
          "help": "End of the time range in which data is to be searched. If left blank default value will be the current time at the execution of the playbook"
        },
        {
          "name": "query",
          "type": "string",
          "help": "For help refer https://docs.trendmicro.com/en-us/enterprise/trend-micro-xdr-help/DataMappingTables"
        }
      ],
      "outputs": [
        {
          "name": "results",
          "type": "array"
        }
      ]
    },
    {
      "name": "trendMicroVisionOneXDR.SearchEmailActivityData",
      "display_name": "Search Email Activity Data",
      "type": "MISTRAL",
      "module": "trendMicroVisionOneXDR.src.actions.search.search_for_data.SearchEmailActivityData",
      "inputs": [
        {
          "name": "from_timestamp",
          "type": "int",
          "help": "Start of the time range in which data is to be searched. If left blank default value will be (To Timestamp - 7 days)"
        },
        {
          "name": "to_timestamp",
          "type": "int",
          "help": "End of the time range in which data is to be searched. If left blank default value will be the current time at the execution of the playbook"
        },
        {
          "name": "query",
          "type": "string",
          "help": "For help refer https://docs.trendmicro.com/en-us/enterprise/trend-micro-xdr-help/DataMappingTables"
        }
      ],
      "outputs": [
        {
          "name": "results",
          "type": "array"
        }
      ]
    },
    {
      "name": "trendMicroVisionOneXDR.SearchNetworkActivityData",
      "display_name": "Search Network Activity Data",
      "type": "MISTRAL",
      "module": "trendMicroVisionOneXDR.src.actions.search.search_for_data.SearchNetworkActivityData",
      "inputs": [
        {
          "name": "from_timestamp",
          "type": "int",
          "help": "Start of the time range in which data is to be searched. If left blank default value will be (To Timestamp - 7 days)"
        },
        {
          "name": "to_timestamp",
          "type": "int",
          "help": "End of the time range in which data is to be searched. If left blank default value will be the current time at the execution of the playbook"
        },
        {
          "name": "query",
          "type": "string",
          "help": "For help refer https://docs.trendmicro.com/en-us/enterprise/trend-micro-xdr-help/DataMappingTables"
        }
      ],
      "outputs": [
        {
          "name": "results",
          "type": "array"
        }
      ]
    },
    {
      "name": "trendMicroVisionOneXDR.search_for_source",
      "display_name": "Search for Source",
      "type": "UI",
      "module": "trendMicroVisionOneXDR.src.actions.search.search_for_source.SearchForData",
      "inputs": [
        {
          "name": "from_timestamp",
          "type": "datetime"
        },
        {
          "name": "to_timestamp",
          "type": "datetime"
        },
        {
          "name": "source",
          "type": "string"
        },
        {
          "name": "query",
          "type": "string"
        },
        {
          "name": "conf",
          "type": "object"
        }

      ],
      "outputs": [
        {
          "name": "status",
          "type": "string"
        },
        {
          "name": "status_msg",
          "type": "string"
        },
        {
          "name": "data",
          "type": "object"
        }
      ]
    },
    {
      "name": "trendMicroVisionOneXDR.search_observed_attack_techniques",
      "display_name": "Search Observed Attack Techniques",
      "type": "UI",
      "module": "trendMicroVisionOneXDR.src.actions.search.search_observed_attack_techniques.SearchObservedAttackTechniques",
      "inputs": [
        {
          "name": "from_timestamp",
          "type": "datetime"
        },
        {
          "name": "to_timestamp",
          "type": "datetime"
        },
        {
          "name": "integration_dict",
          "type": "object"
        },
        {
          "name": "conf",
          "type": "object"
        }
      ],
      "outputs": [
        {
          "name": "status",
          "type": "string"
        },
        {
          "name": "status_msg",
          "type": "string"
        },
        {
          "name": "data",
          "type": "object"
        }
      ]
    },
    {
      "name": "trendMicroVisionOneXDR.add_url_to_suspicious_objects_exception_list",
      "display_name": "Add URL to suspicious objects exception list",
      "type": "MISTRAL",
      "module": "trendMicroVisionOneXDR.src.actions.threat_intelligence.exception_list.add_to_exception_list.AddURLToSuspiciousObjectExceptionsList",
      "inputs": [
        {
          "name": "target_value",
          "type": "string",
          "required": true,
          "help": "URL that needs to be added to the suspicious exception list"
        }
      ],
      "outputs": [
        {
          "name": "data",
          "type": "object"
        }
      ]
    },
    {
      "name": "trendMicroVisionOneXDR.add_domain_to_suspicious_objects_exception_list",
      "display_name": "Add domain to suspicious objects exception list",
      "type": "MISTRAL",
      "module": "trendMicroVisionOneXDR.src.actions.threat_intelligence.exception_list.add_to_exception_list.AddDomainToSuspiciousObjectExceptionsList",
      "inputs": [
        {
          "name": "target_value",
          "type": "string",
          "required": true,
          "help": "Domain that needs to be added to the suspicious exception list"
        }
      ],
      "outputs": [
        {
          "name": "data",
          "type": "object"
        }
      ]
    },
    {
      "name": "trendMicroVisionOneXDR.add_filehash_to_suspicious_objects_exception_list",
      "display_name": "Add file hash to suspicious objects exception list",
      "type": "MISTRAL",
      "module": "trendMicroVisionOneXDR.src.actions.threat_intelligence.exception_list.add_to_exception_list.AddFileHashToSuspiciousObjectExceptionsList",
      "inputs": [
        {
          "name": "target_value",
          "type": "string",
          "required": true,
          "help": "File hash(SHA1) that needs to be added to the suspicious exception list"
        }
      ],
      "outputs": [
        {
          "name": "data",
          "type": "object"
        }
      ]
    },
    {
      "name": "trendMicroVisionOneXDR.add_sender_mail_address_to_suspicious_objects_exception_list",
      "display_name": "Add sender mail address to suspicious objects exception list",
      "type": "MISTRAL",
      "module": "trendMicroVisionOneXDR.src.actions.threat_intelligence.exception_list.add_to_exception_list.AddSenderMailAddressToSuspiciousObjectExceptionsList",
      "inputs": [
        {
          "name": "target_value",
          "type": "string",
          "required": true,
          "help": "Sender mail address that needs to be added to the suspicious exception list"
        }
      ],
      "outputs": [
        {
          "name": "data",
          "type": "object"
        }
      ]
    },
    {
      "name": "trendMicroVisionOneXDR.add_ip_to_suspicious_objects_exception_list",
      "display_name": "Add IP to suspicious objects exception list",
      "type": "MISTRAL",
      "module": "trendMicroVisionOneXDR.src.actions.threat_intelligence.exception_list.add_to_exception_list.AddIPToSuspiciousObjectExceptionsList",
      "inputs": [
        {
          "name": "target_value",
          "type": "string",
          "required": true,
          "help": "IP address that needs to be added to the suspicious exception list"
        }
      ],
      "outputs": [
        {
          "name": "data",
          "type": "object"
        }
      ]
    },
    {
      "name": "trendMicroVisionOneXDR.remove_url_from_suspicious_objects_exception_list",
      "display_name": "Remove URL from suspicious objects exception list",
      "type": "MISTRAL",
      "module": "trendMicroVisionOneXDR.src.actions.threat_intelligence.exception_list.remove_from_exception_list.RemoveURLFromSuspiciousObjectExceptionsList",
      "inputs": [
        {
          "name": "target_value",
          "type": "string",
          "required": true,
          "help": "URL that needs to be removed from the suspicious exception list"
        }
      ],
      "outputs": [
        {
          "name": "data",
          "type": "object"
        }
      ]
    },
    {
      "name": "trendMicroVisionOneXDR.remove_domain_from_suspicious_objects_exception_list",
      "display_name": "Remove domain from suspicious objects exception list",
      "type": "MISTRAL",
      "module": "trendMicroVisionOneXDR.src.actions.threat_intelligence.exception_list.remove_from_exception_list.RemoveDomainFromSuspiciousObjectExceptionsList",
      "inputs": [
        {
          "name": "target_value",
          "type": "string",
          "required": true,
          "help": "Domain that needs to be removed from the suspicious exception list"
        }
      ],
      "outputs": [
        {
          "name": "data",
          "type": "object"
        }
      ]
    },
    {
      "name": "trendMicroVisionOneXDR.remove_filehash_from_suspicious_objects_exception_list",
      "display_name": "Remove file hash from suspicious objects exception list",
      "type": "MISTRAL",
      "module": "trendMicroVisionOneXDR.src.actions.threat_intelligence.exception_list.remove_from_exception_list.RemoveFileHashFromSuspiciousObjectExceptionsList",
      "inputs": [
        {
          "name": "target_value",
          "type": "string",
          "required": true,
          "help": "File hash(SHA1) that needs to be removed from the suspicious exception list"
        }
      ],
      "outputs": [
        {
          "name": "data",
          "type": "object"
        }
      ]
    },
    {
      "name": "trendMicroVisionOneXDR.remove_sender_mail_address_from_suspicious_objects_exception_list",
      "display_name": "Remove sender mail address from suspicious objects exception list",
      "type": "MISTRAL",
      "module": "trendMicroVisionOneXDR.src.actions.threat_intelligence.exception_list.remove_from_exception_list.RemoveSenderMailAddressFromSuspiciousObjectExceptionsList",
      "inputs": [
        {
          "name": "target_value",
          "type": "string",
          "required": true,
          "help": "Sender mail address that needs to be removed from the suspicious exception list"
        }
      ],
      "outputs": [
        {
          "name": "data",
          "type": "object"
        }
      ]
    },
    {
      "name": "trendMicroVisionOneXDR.remove_ip_from_suspicious_objects_exception_list",
      "display_name": "Remove IP from suspicious objects exception list",
      "type": "MISTRAL",
      "module": "trendMicroVisionOneXDR.src.actions.threat_intelligence.exception_list.remove_from_exception_list.RemoveIPFromSuspiciousObjectExceptionsList",
      "inputs": [
        {
          "name": "target_value",
          "type": "string",
          "required": true,
          "help": "IP address that needs to be removed from the suspicious exception list"
        }
      ],
      "outputs": [
        {
          "name": "data",
          "type": "object"
        }
      ]
    },
    {
      "name": "trendMicroVisionOneXDR.analyze_file_in_sandbox",
      "display_name": "Analyze file in sandbox",
      "type": "MISTRAL",
      "module": "trendMicroVisionOneXDR.src.actions.threat_intelligence.sandbox.analyze_file_in_sandbox.AnalyzeFileInSandbox",
      "inputs": [
        {
          "name": "file_url",
          "type": "string",
          "help": "URL from where the file can be downloaded"
        },
        {
          "name": "documentPassword",
          "type": "string",
          "help": "Password if file is encrypted"
        },
        {
          "name": "archivePassword",
          "type": "string",
          "help": "Password of archive is file is inside an encrypted archive"
        }
      ],
      "outputs": [
        {
          "name": "report_id",
          "type": "string"
        },
        {
          "name": "analysisCompletionTime",
          "type": "string"
        },
        {
          "name": "riskLevel",
          "type": "string"
        },
        {
          "name": "description",
          "type": "string"
        },
        {
          "name": "detectionNameList",
          "type": "array"
        },
        {
          "name": "threatTypeList",
          "type": "array"
        },
        {
          "name": "trueFileType",
          "type": "string"
        }
      ]
    },
    {
      "name": "trendMicroVisionOneXDR.add_note_to_workbench_alert",
      "display_name": "Add Note to Workbench Alert",
      "type": "MISTRAL",
      "module": "trendMicroVisionOneXDR.src.actions.notes.add_note_to_workbench_alert.AddNoteToWorkbenchAlert",
      "inputs": [
        {
          "name": "content",
          "type": "text",
          "help": "Content of the note",
          "required": true
        }
      ],
      "outputs": [
        {
          "name": "result",
          "type": "object"
        }
      ]
    },
    {
      "name": "trendMicroVisionOneXDR.search_detections",
      "display_name": "Search Detections",
      "type": "UI",
      "module": "trendMicroVisionOneXDR.src.actions.search.search_detections.SearchDetections",
      "inputs": [
        {
          "name": "startDateTime",
          "type": "string"
        },
        {
          "name": "endDateTime",
          "type": "string"
        },
        {
          "name": "query",
          "type": "string"
        }
      ],
      "outputs": [
        {
          "name": "status",
          "type": "string"
        },
        {
          "name": "status_msg",
          "type": "string"
        },
        {
          "name": "data",
          "type": "object"
        }
      ]
    },
    {
      "name": "trendMicroVisionOneXDR.search_endpoint_activities",
      "display_name": "Search Endpoint Activities",
      "type": "UI",
      "module": "trendMicroVisionOneXDR.src.actions.search.search_endpoint_activities.SearchEndPointActivities",
      "inputs": [
        {
          "name": "startDateTime",
          "type": "string"
        },
        {
          "name": "endDateTime",
          "type": "string"
        },
        {
          "name": "query",
          "type": "string"
        },
        {
          "name": "conf",
          "type": "object"
        }
      ],
      "outputs": [
        {
          "name": "status",
          "type": "string"
        },
        {
          "name": "status_msg",
          "type": "string"
        },
        {
          "name": "data",
          "type": "object"
        }
      ]
    },
    {
      "name": "trendMicroVisionOneXDR.query_intelligence_reports",
      "display_name": "Query Intelligence Reports",
      "type": "UI",
      "module": "trendMicroVisionOneXDR.src.actions.search.query_intelligence_reports.QueryIntelligenceReports",
      "inputs": [
        {
          "name": "startDateTime",
          "type": "string"
        },
        {
          "name": "endDateTime",
          "type": "string"
        },
        {
          "name": "integration_dict",
          "type": "object"
        },
        {
          "name": "conf",
          "type": "object"
        }
      ],
      "outputs": [
        {
          "name": "status",
          "type": "string"
        },
        {
          "name": "status_msg",
          "type": "string"
        },
        {
          "name": "data",
          "type": "object"
        }
      ]
    },
    {
      "name": "trendMicroVisionOneXDR.disable_user_account",
      "display_name": "Disable User Account",
      "type": "MISTRAL",
      "module": "trendMicroVisionOneXDR.src.actions.response_actions.domain_account.disable_user_account.DisableUserAccount",
      "inputs": [
        {
          "name": "accountName",
          "type": "string",
          "help": "Account name that needs to be disabled",
          "required": true
        }
      ],
      "outputs": [
        {
          "name": "status",
          "type": "string"
        }
      ]
    },
    {
      "name": "trendMicroVisionOneXDR.enable_user_account",
      "display_name": "Enable User Account",
      "type": "MISTRAL",
      "module": "trendMicroVisionOneXDR.src.actions.response_actions.domain_account.enable_user_account.EnableUserAccount",
      "inputs": [
        {
          "name": "accountName",
          "type": "string",
          "help": "Account name that needs to be enabled",
          "required": true
        }
      ],
      "outputs": [
        {
          "name": "status",
          "type": "string"
        }
      ]
    },
    {
      "name": "trendMicroVisionOneXDR.force_password_reset",
      "display_name": "Force password reset",
      "type": "MISTRAL",
      "module": "trendMicroVisionOneXDR.src.actions.response_actions.domain_account.force_password_reset.ForcePasswordReset",
      "inputs": [
        {
          "name": "accountName",
          "type": "string",
          "help": "Account name whose password needs to be force reset",
          "required": true
        }
      ],
      "outputs": [
        {
          "name": "status",
          "type": "string"
        }
      ]
    },
    {
      "name": "trendMicroVisionOneXDR.force_signout",
      "display_name": "Force signout",
      "type": "MISTRAL",
      "module": "trendMicroVisionOneXDR.src.actions.response_actions.domain_account.force_signout.ForceSignout",
      "inputs": [
        {
          "name": "accountName",
          "type": "string",
          "help": "Account name who needs to be forcefully signed out",
          "required": true
        }
      ],
      "outputs": [
        {
          "name": "status",
          "type": "string"
        }
      ]
    }
  ]
}