{
  "name": "ipInfo",
  "display_name": "IpInfo",
    "category": "IP Lookup",
  "actions": [
    {
      "name": "ipinfo.ipinfo",
      "display_name": "Get IP Address info from IpInfo",
      "type": "MISTRAL",
      "module": "ipInfo.src.GetIPInfo.GetIPInfoAction",
      "inputs": [
        {
          "name": "ip",
          "type": "string"
        }
      ],
      "outputs": [
        {
          "name": "response_code",
          "type": "integer"
        },
        {
          "name": "city",
          "type": "string"
        },
        {
          "name": "domain",
          "type": "string"
        },
        {
          "name": "ip",
          "type": "string"
        },
        {
          "name": "isp",
          "type": "string"
        },
        {
          "name": "latitude",
          "type": "string"
        },
        {
          "name": "longitude",
          "type": "string"
        },
        {
          "name": "net_speed",
          "type": "string"
        },
        {
          "name": "region",
          "type": "string"
        },
        {
          "name": "time_zone",
          "type": "string"
        },
        {
          "name": "zip_code",
          "type": "string"
        },
        {
          "name": "country",
          "type": "object"
        }
      ]
    }
  ]
}