{
  "name": "v1LogInspect",
  "display_name": "V1 Log Inspect",
  "category": "SIEM",
  "config": {
    "title": "api_key",
    "type": "object",
    "additionalProperties": false,
    "properties": {
      "instance_api_key": {
          "type": "string"
      },
      "instance_url": {
          "type": "string"
      },
      "tenant_api_key": {
          "type": "string"
      }
    }
  },
  "actions": [
    {
      "name": "v1LogInspect.create_case_from_alert",
      "display_name": "create case from alert",
      "module": "v1LogInspect.src.create_case_from_alert.CreateCaseFromAlert",
      "type": "WEBHOOK",
      "inputs": [
        {
        "name": "data",
        "type": "object"
       }
      ],
      "outputs": []
    },
    { 
      "name": "v1LogInspect.search_events",
      "display_name": "Search Events",
      "module": "v1LogInspect.src.search_events.SearchEvents",
      "type": "MISTRAL",
      "inputs": [
        {
          "name": "days_before",
          "type": "string",
          "help": "Specify as follows: 2 for last 2 days, 0.5 for last 12 hours, or 0.25 for last 6 hours. If empty, default is 1 (last 24 hours)."
        },
        {
          "name": "keyword",
          "type": "string",
          "help": "Enter a keyword or choose any field from drop-down to search matching results. Omitting it will yield generic recent results."
        },  
        {
          "name": "number_of_results",
          "type": "string",
          "help": "Adjust the number of results you'd like to view. The default is 5 and Worknotes larger than 500KB will be truncated."
        }
      ],
      "outputs": [
        {
          "name": "events",
          "type": "object"
        }
      ]
    },
    { 
      "name": "v1LogInspect.search_alerts",
      "display_name": "Search Alerts",
      "module": "v1LogInspect.src.search_alerts.SearchAlerts",
      "type": "MISTRAL",
      "inputs": [
        {
          "name": "days_before",
          "type": "string",
          "help": "Specify as follows: 2 for last 2 days, 0.5 for last 12 hours, or 0.25 for last 6 hours. If empty, default is 1 (last 24 hours)."
        },
        {
          "name": "keyword",
          "type": "string",
          "help": "Enter a keyword or choose any field from drop-down to search matching results. Omitting it will yield generic recent results."
        },  
        {
          "name": "number_of_results",
          "type": "string",
          "help": "Adjust the number of results you'd like to view. The default is 5 and Worknotes larger than 500KB will be truncated."
        }
      ],
      "outputs": [
        {
          "name": "alerts",
          "type": "object"
        }
      ]
    }
  ]
}