{
  "name": "v1LogInspect",
  "display_name": "V1 Log Inspect",
  "category": "SIEM",
  "config": {
    "title": "api_key",
    "type": "object",
    "additionalProperties": false,
    "properties": {}
  },
  "actions": [{
    "name": "v1LogInspect.create_case_from_alert",
    "display_name": "create case from alert",
    "module": "v1LogInspect.src.create_case_from_alert.CreateCaseFromAlert",
    "type": "WEBHOOK",
    "inputs": [{
      "name": "data",
      "type": "object"
    }],
    "outputs": []
  }]
}