{
  "name": "checkphish",
  "display_name": "CheckPhish",
  "category": "OSINT",
  "is_default": true,
  "config": {
    "title": "api_key",
    "type": "object",
    "additionalProperties": false,
    "properties": {
      "api_key": {
        "type": "string"
      }
    }
  },
  "test_config": {
    "name": "checkphish.test_integration",
    "module": "checkphish.src.test_integration.TestIntegration",
    "inputs": [
      {
        "name": "url",
        "value": "https://www.google.co.in/",
        "type": "string"
      }
    ]
  },
  "actions": [
    {
      "name": "checkphish.scan_url",
      "display_name": "Scan a url and get insights from CheckPhish",
      "type": "MISTRAL",
      "module": "checkphish.src.scan_url.ScanURLAction",
      "inputs": [
        {
          "name": "url",
          "type": "string"
        }
      ],
      "outputs": [
        {
          "name": "host",
          "type": "string"
        },
        {
          "name": "cryptominingApps",
          "type": "string"
        },
        {
          "name": "siteTitle",
          "type": "string"
        },
        {
          "name": "disposition",
          "type": "string"
        },
        {
          "name": "dstUrl",
          "type": "string"
        },
        {
          "name": "createdTS",
          "type": "string"
        },
        {
          "name": "primary_domain",
          "type": "string"
        },
        {
          "name": "firstSeenTS",
          "type": "string"
        },
        {
          "name": "ip",
          "type": "string"
        },
        {
          "name": "timestamp",
          "type": "string"
        },
        {
          "name": "srcUrl",
          "type": "string"
        },
        {
          "name": "country",
          "type": "string"
        },
        {
          "name": "countryCode",
          "type": "string"
        },
        {
          "name": "networkOwner",
          "type": "string"
        },
        {
          "name": "asn",
          "type": "string"
        },
        {
          "name": "brandId",
          "type": "string"
        },
        {
          "name": "brandName",
          "type": "string"
        },
        {
          "name": "brandSeoPath",
          "type": "string"
        },
        {
          "name": "urlSHA256",
          "type": "string"
        },
        {
          "name": "cert",
          "type": "string"
        }
      ]
    }
  ]
}