{
  "name": "anlyz_threat_intel",
  "display_name": "Anlyz Threat Intel",
  "category": "Threat Intel",
  "config": {
    "title": "api_key",
    "type": "object",
    "additionalProperties": false,
    "properties": {
      "api_key": {
        "type": "string"
      }
    }
  },
  "test_config": {
    "name": "anlyz_threat_intel.test_integration",
    "module": "anlyz_threat_intel.src.test_integration.TestIntegration",
    "inputs": [
      {
        "name": "search_text",
        "value": "google.com",
        "type": "string"
      }
    ]
  },
  "actions": [
    {
      "name": "anlyz_threat_intel.lookup_filehash",
      "display_name": "Lookup File Hash",
      "type": "MISTRAL",
      "module": "anlyz_threat_intel.src.lookup_filehash.LookupFileHash",
      "inputs": [
        {
          "name": "filehash",
          "type": "string"
        }
      ],
      "outputs": [
        {
          "name": "results",
          "type": "array"
        }
      ]
    },
    {
      "name": "anlyz_threat_intel.lookup_ip",
      "display_name": "Lookup IP",
      "type": "MISTRAL",
      "module": "anlyz_threat_intel.src.lookup_ip.LookupIP",
      "inputs": [
        {
          "name": "ip",
          "type": "string"
        }
      ],
      "outputs": [
        {
          "name": "results",
          "type": "array"
        }
      ]
    },
    {
      "name": "anlyz_threat_intel.lookup_url",
      "display_name": "Lookup URL",
      "type": "MISTRAL",
      "module": "anlyz_threat_intel.src.lookup_url.LookupURL",
      "inputs": [
        {
          "name": "url",
          "type": "string"
        }
      ],
      "outputs": [
        {
          "name": "results",
          "type": "array"
        }
      ]
    },
    {
      "name": "anlyz_threat_intel.lookup_domain",
      "display_name": "Lookup Domain",
      "type": "MISTRAL",
      "module": "anlyz_threat_intel.src.lookup_domain.LookupDomain",
      "inputs": [
        {
          "name": "domain",
          "type": "string"
        }
      ],
      "outputs": [
        {
          "name": "results",
          "type": "array"
        }
      ]
    },
    {
      "name": "anlyz_threat_intel.lookup_email",
      "display_name": "Lookup Email",
      "type": "MISTRAL",
      "module": "anlyz_threat_intel.src.lookup_email.LookupEmail",
      "inputs": [
        {
          "name": "email",
          "type": "string"
        }
      ],
      "outputs": [
        {
          "name": "results",
          "type": "array"
        }
      ]
    },
    {
      "name": "anlyz_threat_intel.lookup_crypto",
      "display_name": "Lookup Crypto",
      "type": "MISTRAL",
      "module": "anlyz_threat_intel.src.lookup_crypto.LookupCrypto",
      "inputs": [
        {
          "name": "crypto",
          "type": "string"
        }
      ],
      "outputs": [
        {
          "name": "results",
          "type": "array"
        }
      ]
    }
  ]
}