{
  "name": "v1SoarThreatIntel",
  "display_name": "V1 SOAR Threat Intel",
  "category": "Threat Intel",
  "is_default": true,
  "config": {
    "title": "api_key",
    "type": "object",
    "additionalProperties": false,
    "properties": {
      "api_key": {
        "type": "string"
      }
    }
  },
  "actions": [
    {
      "name": "v1SoarThreatIntel.lookup_filehash",
      "display_name": "Lookup File Hash",
      "type": "MISTRAL",
      "module": "v1SoarThreatIntel.src.lookup_filehash.LookupFileHash",
      "inputs": [
        {
          "name": "filehash",
          "type": "string"
        }
      ],
      "outputs": [
        {
          "name": "results",
          "type": "array"
        }
      ]
    },
    {
      "name": "v1SoarThreatIntel.lookup_ip",
      "display_name": "Lookup IP",
      "type": "MISTRAL",
      "module": "v1SoarThreatIntel.src.lookup_ip.LookupIP",
      "inputs": [
        {
          "name": "ip",
          "type": "string"
        }
      ],
      "outputs": [
        {
          "name": "results",
          "type": "array"
        }
      ]
    },
    {
      "name": "v1SoarThreatIntel.lookup_url",
      "display_name": "Lookup URL",
      "type": "MISTRAL",
      "module": "v1SoarThreatIntel.src.lookup_url.LookupURL",
      "inputs": [
        {
          "name": "url",
          "type": "string"
        }
      ],
      "outputs": [
        {
          "name": "results",
          "type": "array"
        }
      ]
    },
    {
      "name": "v1SoarThreatIntel.lookup_domain",
      "display_name": "Lookup Domain",
      "type": "MISTRAL",
      "module": "v1SoarThreatIntel.src.lookup_domain.LookupDomain",
      "inputs": [
        {
          "name": "domain",
          "type": "string"
        }
      ],
      "outputs": [
        {
          "name": "results",
          "type": "array"
        }
      ]
    },
    {
      "name": "v1SoarThreatIntel.lookup_email",
      "display_name": "Lookup Email",
      "type": "MISTRAL",
      "module": "v1SoarThreatIntel.src.lookup_email.LookupEmail",
      "inputs": [
        {
          "name": "email",
          "type": "string"
        }
      ],
      "outputs": [
        {
          "name": "results",
          "type": "array"
        }
      ]
    },
    {
      "name": "v1SoarThreatIntel.lookup_crypto",
      "display_name": "Lookup Crypto",
      "type": "MISTRAL",
      "module": "v1SoarThreatIntel.src.lookup_crypto.LookupCrypto",
      "inputs": [
        {
          "name": "crypto",
          "type": "string"
        }
      ],
      "outputs": [
        {
          "name": "results",
          "type": "array"
        }
      ]
    }
  ]
}