{
  "name": "fortigate",
  "display_name": "FortiGate",
    "category": "Firewall",
  "config": {
      "type" : "object",
      "properties":{
        "configurations": {
          "type": "object",
          "key_name": "Firewall Name",
          "value_schema": {
            "ipaddr": {"type":  "string"},
            "port": {"type":  "string"},
            "username": {"type":  "string"},
            "password": {"type":  "string"}
          }
        }
      }
    },
  "actions": [{
    "name": "fortigate.get_",
    "display_name": "Get Address group",
    "type": "MISTRAL",
    "module": "fortigate.src.get_risk_analysis.RiskAnalysis",
    "inputs": [{
      "name": "conf_name",
      "type": "string"
    },{
      "name": "group_name",
      "type": "string"
    }],
    "outputs": [{
      "name": "results",
      "type": "array"
    }]
  }]
}