{
	"name": "analyzers",
	"display_name": "Analyzers",
	"category": "Utility",
	"config": {
		"title": "api_key",
		"type": "object",
		"additionalProperties": false,
		"properties": {
			"api_key": {
				"type": "string"
			}
		}
	},
	"actions": [{
			"name": "analyzers.expand_shortened_url",
			"display_name": "Expand shortened urls",
			"module": "analyzers.src.actions.expand_shortened_url.ExpandShortenedUrl",
			"type": "MISTRAL",
			"inputs": [{
				"name": "url",
				"type": "string"
			}],
			"outputs": [{
					"name": "response_code",
					"type": "integer"
				},
				{
					"name": "short_url",
					"type": "string"
				},
				{
					"name": "expanded_url",
					"type": "string"
				}
			]
		},
		{
			"name": "analyzers.yara_scan",
			"display_name": "Perform Yara Scan on File",
			"module": "analyzers.src.actions.yara_scan.YaraScan",
			"type": "MISTRAL",
			"inputs": [{
				"name": "url",
				"type": "string"
			}],
			"outputs": [
				{"name": "meta", "type": "object"},
				{"name": "yara_signatures_detected", "type": "array"}
			]
		},
		{
			"name": "analyzers.static_scan",
			"display_name": "Perform Static Scan on File",
			"module": "analyzers.src.actions.static_scan.StaticScan",
			"type": "MISTRAL",
			"inputs": [{
				"name": "url",
				"type": "string"
			}],
			"outputs": [
				{"name": "time_taken", "type": "string"},
				{"name": "meta", "type": "object"},
				{"name": "ai_verdict", "type": "string"},
				{"name": "file_capabilities", "type": "object"},
				{"name": "artifacts", "type": "object"},
				{"name": "yara_signatures_detected", "type": "array"},
				{"name": "strings", "type": "object"},
				{"name": "tags", "type": "array"}
			]
		},
		{
			"name": "analyzers.capabilities_scan",
			"display_name": "Get File Capabilities",
			"module": "analyzers.src.actions.capabilities_scan.FileCapabilitiesScan",
			"type": "MISTRAL",
			"inputs": [{
				"name": "url",
				"type": "string"
			}],
			"outputs": [
				{"name": "meta", "type": "object"},
				{"name": "file_capabilities", "type": "array"}
			]
		},
		{
			"name": "analyzers.get_ai_prediction",
			"display_name": "Get AI Prediction",
			"module": "analyzers.src.actions.get_ai_prediction.GetAIPrediction",
			"type": "MISTRAL",
			"inputs": [{
				"name": "url",
				"type": "string"
			}],
			"outputs": [
				{"name": "meta", "type": "object"},
				{"name": "ai_verdict", "type": "string"}
			]
		}
	]
}