{
  "name": "recordedFuture",
  "display_name": "Recorded Future",
  "category": "Threat Intel",
  "config": {
    "title": "api_key",
    "type": "object",
    "additionalProperties": false,
    "properties": {
      "api_key": {
        "type": "string"
      }
    }
  },
  "test_config": {
    "name": "recordedFuture.test_integration",
    "module": "recordedFuture.src.test_integration.TestIntegration",
    "inputs": []
  },
  "actions": [
    {
      "name": "recordedFuture.search_alert",
      "display_name": "Search Alert",
      "type": "MISTRAL",
      "module": "recordedFuture.src.actions.alert.search_alert.SearchForAlert",
      "inputs": [ {
          "name": "conf",
          "type": "object"
        }
      ],
      "outputs": [
        {
          "name": "status",
          "type": "string"
        },
        {
          "name": "status_msg",
          "type": "string"
        },
        {
          "name": "data",
          "type": "object"
        }
      ]
    },
    {
      "name": "recordedFuture.search_ip",
      "display_name": "IP Lookup",
      "type": "MISTRAL",
      "module": "recordedFuture.src.actions.search.search_for_ip.SearchForIP",
      "inputs": [
        {
          "name": "ip",
          "type": "string"
        },
        {
          "name": "risk_score",
          "type": "string"
        }
      ],
      "outputs": [
        {
          "name": "status",
          "type": "string"
        },
        {
          "name": "status_msg",
          "type": "string"
        },
        {
          "name": "data",
          "type": "object"
        }
      ]
    },
    {
      "name": "recordedFuture.search",
      "display_name": "Domain Search",
      "type": "MISTRAL",
      "module": "recordedFuture.src.actions.search.search_for_domain.SearchForDomain",
      "inputs": [
        {
          "name": "domain",
          "type": "string"
        },
        {
          "name": "risk_score",
          "type": "string"
        }
      ],
      "outputs": [
        {
          "name": "status",
          "type": "string"
        },
        {
          "name": "status_msg",
          "type": "string"
        },
        {
          "name": "data",
          "type": "object"
        }
      ]
    },
    {
      "name": "recordedFuture.search_domain",
      "display_name": "Risk Rules",
      "type": "MISTRAL",
      "module": "recordedFuture.src.actions.search.search_for_risk_rules.SearchForRiskRules",
      "inputs": [],
      "outputs": [
        {
          "name": "status",
          "type": "string"
        },
        {
          "name": "status_msg",
          "type": "string"
        },
        {
          "name": "data",
          "type": "object"
        }
      ]
    }
  ]
}