{
  "name": "shodan",
  "display_name": "Shodan",
  	  "category": "OSINT",
  "config": {
    "title": "api_key",
    "type": "object",
    "additionalProperties": false,
    "properties": {
      "api_key": {
        "type": "string"
      }
    }
  },
  "actions": [
    {
      "name": "shodan.get_ip_address_info_from_shodan",
      "display_name": "Get IP Address info from Shodan",
      "type": "MISTRAL",
      "module": "shodan.src.ip_info.GetApiInfo",
      "inputs": [
        {
          "name": "ip",
          "type": "string"
        }
      ],
      "outputs": [
        {
          "name": "tags",
          "type": "array"
        },
        {
          "name": "ip",
          "type": "string"
        },
        {
          "name": "domains",
          "type": "array"
        },
        {
          "name": "hostnames",
          "type": "array"
        },
        {
          "name": "country_code",
          "type": "string"
        },
        {
          "name": "org",
          "type": "string"
        },
        {
          "name": "data",
          "type": "array"
        },
        {
          "name": "asn",
          "type": "string"
        },
        {
          "name": "longitude",
          "type": "float"
        },
        {
          "name": "country_code3",
          "type": "string"
        },
        {
          "name": "latitude",
          "type": "float"
        },
        {
          "name": "isp",
          "type": "string"
        },
        {
          "name": "last_update",
          "type": "string"
        },
        {
          "name": "country_name",
          "type": "string"
        },
        {
          "name": "ip_str",
          "type": "string"
        },
        {
          "name": "ports",
          "type": "array"
        },
        {
          "name": "response_code",
          "type": "integer"
        },
        {
          "name": "error",
          "type": "string"
        }
      ]
    },
    {
      "name": "shodan.get_host_count_from_shodan",
      "display_name": "Get Host Count from Shodan",
      "type": "MISTRAL",
      "module": "shodan.src.host_count.GetHostCount",
      "inputs": [
        {
          "name": "query",
          "type": "string"
        },
        {
          "name": "facets",
          "type": "string",
          "optional": "true"
        }
      ],
      "outputs": [
        {
          "name": "matches",
          "type": "array"
        },
        {
          "name": "facets",
          "type": "object"
        },
        {
          "name": "total",
          "type": "integer"
        },
        {
          "name": "response_code",
          "type": "integer"
        },
        {
          "name": "error",
          "type": "string"
        }
      ]
    },
    {
      "name": "shodan.search_host_from_shodan",
      "display_name": "Search Host from Shodan",
      "module": "shodan.src.host_search.HostSearch",
      "inputs": [
        {
          "name": "query",
          "type": "string"
        },
        {
          "name": "facets",
          "type": "string",
          "optional": "true"
        },
        {
          "name": "page",
          "type": "integer",
          "optional": "true"
        },
        {
          "name": "minify",
          "type": "boolean",
          "optional": "true"
        }
      ],
      "outputs": [
        {
          "name": "matches",
          "type": "array"
        },
        {
          "name": "facets",
          "type": "object"
        },
        {
          "name": "total",
          "type": "integer"
        },
        {
          "name": "response_code",
          "type": "integer"
        },
        {
          "name": "error",
          "type": "string"
        }
      ],
      "type": "MISTRAL"
    },
    {
      "name": "shodan.search_facets_from_shodan",
      "display_name": "Search Facets from Shodan",
      "module": "shodan.src.host_facets.GetHostFacets",
      "inputs": [],
      "outputs": [
        {
          "name": "facets",
          "type": "array"
        },
        {
          "name": "response_code",
          "type": "integer"
        },
        {
          "name": "error",
          "type": "string"
        }
      ],
      "type": "MISTRAL"
    },
    {
      "name": "shodan.search_filters_from_shodan",
      "display_name": "Search Filters from Shodan",
      "module": "shodan.src.host_filters.HostFilters",
      "inputs": [],
      "outputs": [
        {
          "name": "filters",
          "type": "array"
        },
        {
          "name": "response_code",
          "type": "integer"
        },
        {
          "name": "error",
          "type": "string"
        }
      ],
      "type": "MISTRAL"
    },
    {
      "name": "shodan.search_tokens_from_shodan",
      "display_name": "Search Tokens from Shodan",
      "module": "shodan.src.host_tokens.GetHostTokens",
      "inputs": [
        {
          "name": "query",
          "type": "string"
        }
      ],
      "outputs": [
        {
          "name": "attributes",
          "type": "object"
        },
        {
          "name": "erros",
          "type": "array"
        },
        {
          "name": "string",
          "type": "string"
        },
        {
          "name": "filters",
          "type": "array"
        },
        {
          "name": "response_code",
          "type": "integer"
        },
        {
          "name": "error",
          "type": "string"
        }
      ],
      "type": "MISTRAL"
    },
    {
      "name": "shodan.get_ports_from_shodan",
      "display_name": "Get Ports from Shodan",
      "module": "shodan.src.ports.GetPorts",
      "inputs": [],
      "outputs": [
        {
          "name": "ports",
          "type": "array"
        },
        {
          "name": "response_code",
          "type": "integer"
        },
        {
          "name": "error",
          "type": "string"
        }
      ],
      "type": "MISTRAL"
    },
    {
      "name": "shodan.get_protocols_from_shodan",
      "display_name": "Get Protocols from Shodan",
      "module": "shodan.src.protocols.GetProtocols",
      "inputs": [],
      "outputs": [
        {
          "name": "protocols",
          "type": "array"
        },
        {
          "name": "response_code",
          "type": "integer"
        },
        {
          "name": "error",
          "type": "string"
        }
      ],
      "type": "MISTRAL"
    },
    {
      "name": "shodan.post_scan_from_shodan",
      "display_name": "Post Scan from Shodan",
      "module": "shodan.src.scan_create.CreateScan",
      "inputs": [
        {
          "name": "ips",
          "type": "string"
        },
        {
          "name": "service",
          "type": "array"
        }
      ],
      "outputs": [
        {
          "name": "count",
          "type": "integer"
        },
        {
          "name": "id",
          "type": "string"
        },
        {
          "name": "credits_left",
          "type": "integer"
        },
        {
          "name": "response_code",
          "type": "integer"
        },
        {
          "name": "error",
          "type": "string"
        }
      ],
      "type": "MISTRAL"
    },
    {
      "name": "shodan.post_internet_for_shodan",
      "display_name": "Post Internet for Shodan",
      "module": "shodan.src.internet_create.CreateInternet",
      "inputs": [
        {
          "name": "port",
          "type": "integer"
        },
        {
          "name": "protocol",
          "type": "string"
        }
      ],
      "outputs": [
        {
          "name": "id",
          "type": "string"
        },
        {
          "name": "response_code",
          "type": "integer"
        },
        {
          "name": "error",
          "type": "string"
        }
      ],
      "type": "MISTRAL"
    },
    {
      "name": "shodan.get_scan_from_shodan",
      "display_name": "Get Scan from Shodan",
      "module": "shodan.src.scans.GetAllScan",
      "inputs": [],
      "outputs": [
        {
          "name": "matches",
          "type": "array"
        },
        {
          "name": "total",
          "type": "integer"
        },
        {
          "name": "response_code",
          "type": "integer"
        },
        {
          "name": "error",
          "type": "string"
        }
      ],
      "type": "MISTRAL"
    },
    {
      "name": "shodan.get_scan_by_id_from_shodan",
      "display_name": "Get Scan By Id from Shodan",
      "module": "shodan.src.scan.GetSingleScan",
      "inputs": [
        {
          "name": "id",
          "type": "string"
        }
      ],
      "outputs": [
        {
          "name": "count",
          "type": "integer"
        },
        {
          "name": "status",
          "type": "string"
        },
        {
          "name": "id",
          "type": "string"
        },
        {
          "name": "created",
          "type": "string"
        },
        {
          "name": "response_code",
          "type": "integer"
        },
        {
          "name": "error",
          "type": "string"
        }
      ],
      "type": "MISTRAL"
    },
    {
      "name": "shodan.post_alert_from_shodan",
      "display_name": "Post alert from Shodan",
      "module": "shodan.src.alert_create.CreateAlert",
      "inputs": [
        {
          "name": "name",
          "type": "string"
        },
        {
          "name": "filters",
          "type": "object"
        },
        {
          "name": "filters.ip",
          "type": "string"
        },
        {
          "name": "expires",
          "type": "integer",
          "optional": "true"
        }
      ],
      "outputs": [
        {
          "name": "name",
          "type": "string"
        },
        {
          "name": "created",
          "type": "string"
        },
        {
          "name": "triggers",
          "type": "object"
        },
        {
          "name": "has_triggers",
          "type": "boolean"
        },
        {
          "name": "expires",
          "type": "int"
        },
        {
          "name": "filters",
          "type": "object"
        },
        {
          "name": "id",
          "type": "string"
        },
        {
          "name": "size",
          "type": "integer"
        },
        {
          "name": "response_code",
          "type": "integer"
        },
        {
          "name": "error",
          "type": "string"
        }
      ],
      "type": "MISTRAL"
    },
    {
      "name": "shodan.get_alert_info_from_shodan_by_id",
      "display_name": "Get alert info from Shodan By ID",
      "module": "shodan.src.alert.GetAlertInfo",
      "inputs": [
        {
          "name": "id",
          "type": "string"
        }
      ],
      "outputs": [
        {
          "name": "name",
          "type": "string"
        },
        {
          "name": "created",
          "type": "string"
        },
        {
          "name": "triggers",
          "type": "object"
        },
        {
          "name": "has_triggers",
          "type": "boolean"
        },
        {
          "name": "expires",
          "type": "integer"
        },
        {
          "name": "notify",
          "type": "object"
        },
        {
          "name": "filters",
          "type": "object"
        },
        {
          "name": "notifiers",
          "type": "array"
        },
        {
          "name": "id",
          "type": "string"
        },
        {
          "name": "size",
          "type": "integer"
        },
        {
          "name": "response_code",
          "type": "integer"
        },
        {
          "name": "error",
          "type": "string"
        }
      ],
      "type": "MISTRAL"
    },
    {
      "name": "shodan.delete_alert_from_shodan",
      "display_name": "Delete alert from Shodan",
      "module": "shodan.src.alert_delete.DeleteAlert",
      "inputs": [
        {
          "name": "id",
          "type": "string"
        }
      ],
      "outputs": [
        {
          "name": "success",
          "type": "boolean"
        },
        {
          "name": "response_code",
          "type": "integer"
        },
        {
          "name": "error",
          "type": "string"
        }
      ],
      "type": "MISTRAL"
    },
    {
      "name": "shodan.get_alert_info_from_shodan",
      "display_name": "Get alert info from Shodan",
      "module": "shodan.src.alerts.GetInfo",
      "inputs": [],
      "outputs": [
        {
          "name": "alerts",
          "type": "array"
        },
        {
          "name": "response_code",
          "type": "integer"
        },
        {
          "name": "error",
          "type": "string"
        }
      ],
      "type": "MISTRAL"
    },
    {
      "name": "shodan.get_alert_triggers_from_shodan",
      "display_name": "Get alert triggers from Shodan",
      "module": "shodan.src.triggers.GetAlertTrigger",
      "inputs": [],
      "outputs": [
        {
          "name": "triggers",
          "type": "array"
        },
        {
          "name": "response_code",
          "type": "integer"
        },
        {
          "name": "error",
          "type": "string"
        }
      ],
      "type": "MISTRAL"
    },
    {
      "name": "shodan.update_alert_triggers_by_id_from_shodan",
      "display_name": "Update alert triggers By Id from Shodan",
      "module": "shodan.src.trigger_update.UpdateTriggerById",
      "inputs": [
        {
          "name": "id",
          "type": "string"
        },
        {
          "name": "trigger",
          "type": "string"
        }
      ],
      "outputs": [
        {
          "name": "success",
          "type": "boolean"
        },
        {
          "name": "response_code",
          "type": "integer"
        },
        {
          "name": "error",
          "type": "string"
        }
      ],
      "type": "MISTRAL"
    },
    {
      "name": "shodan.delete_alert_triggers_by_id_from_shodan",
      "display_name": "Delete alert triggers By Id from Shodan",
      "module": "shodan.src.trigger_delete.DeleteTrigger",
      "inputs": [
        {
          "name": "id",
          "type": "string"
        },
        {
          "name": "trigger",
          "type": "string"
        }
      ],
      "outputs": [
        {
          "name": "success",
          "type": "boolean"
        },
        {
          "name": "response_code",
          "type": "integer"
        },
        {
          "name": "error",
          "type": "string"
        }
      ],
      "type": "MISTRAL"
    },
    {
      "name": "shodan.update_alert_triggers_ignore_by_id_from_shodan",
      "display_name": "Update alert triggers ignore By Id from Shodan",
      "module": "shodan.src.trigger_ignore_update.UpdateTriggerIgnore",
      "inputs": [
        {
          "name": "id",
          "type": "string"
        },
        {
          "name": "trigger",
          "type": "string"
        },
        {
          "name": "service",
          "type": "string"
        },
        {
          "name": "error",
          "type": "string"
        }
      ],
      "outputs": [
        {
          "name": "success",
          "type": "boolean"
        },
        {
          "name": "response_code",
          "type": "integer"
        },
        {
          "name": "error",
          "type": "string"
        }
      ],
      "type": "MISTRAL"
    },
    {
      "name": "shodan.delete_alert_triggers_ignore_by_id_from_shodan",
      "display_name": "Delete alert triggers ignore By Id from Shodan",
      "module": "shodan.src.trigger_ignore_delete.DeleteTriggerIgnore",
      "inputs": [
        {
          "name": "id",
          "type": "string"
        },
        {
          "name": "trigger",
          "type": "string"
        },
        {
          "name": "service",
          "type": "string"
        }
      ],
      "outputs": [
        {
          "name": "success",
          "type": "boolean"
        },
        {
          "name": "response_code",
          "type": "integer"
        },
        {
          "name": "error",
          "type": "string"
        }
      ],
      "type": "MISTRAL"
    },
    {
      "name": "shodan.update_alert_notifier_by_id_from_shodan",
      "display_name": "Update alert notifier By Id from Shodan",
      "module": "shodan.src.alert_notifier_update.UpdateAlertNotifier",
      "inputs": [
        {
          "name": "id",
          "type": "string"
        },
        {
          "name": "notifier_id",
          "type": "string"
        }
      ],
      "outputs": [
        {
          "name": "success",
          "type": "boolean"
        },
        {
          "name": "response_code",
          "type": "integer"
        },
        {
          "name": "error",
          "type": "string"
        }
      ],
      "type": "MISTRAL"
    },
    {
      "name": "shodan.delete_alert_notifier_by_id_from_shodan",
      "display_name": "Delete alert notifier By Id from Shodan",
      "module": "shodan.src.alert_notifier_delete.DeleteAlertNotifier",
      "inputs": [
        {
          "name": "id",
          "type": "string"
        },
        {
          "name": "notifier_id",
          "type": "string"
        }
      ],
      "outputs": [
        {
          "name": "success",
          "type": "boolean"
        },
        {
          "name": "response_code",
          "type": "integer"
        },
        {
          "name": "error",
          "type": "string"
        }
      ],
      "type": "MISTRAL"
    },
    {
      "name": "shodan.get_notifier_from_shodan",
      "display_name": "Get notifier from Shodan",
      "module": "shodan.src.notifier.GetNotifier",
      "inputs": [],
      "outputs": [
        {
          "name": "matches",
          "type": "array"
        },
        {
          "name": "total",
          "type": "integer"
        },
        {
          "name": "response_code",
          "type": "integer"
        },
        {
          "name": "error",
          "type": "string"
        }
      ],
      "type": "MISTRAL"
    },
    {
      "name": "shodan.get_notifier_provider_from_shodan",
      "display_name": "Get notifier provider from Shodan",
      "module": "shodan.src.notifier_provider.GetNotifierProvider",
      "inputs": [],
      "outputs": [
        {
          "name": "pagerduty",
          "type": "object"
        },
        {
          "name": "slack",
          "type": "integer"
        },
        {
          "name": "telegram",
          "type": "integer"
        },
        {
          "name": "webhook",
          "type": "integer"
        },
        {
          "name": "phone",
          "type": "integer"
        },
        {
          "name": "email",
          "type": "integer"
        },
        {
          "name": "gitter",
          "type": "integer"
        },
        {
          "name": "response_code",
          "type": "integer"
        },
        {
          "name": "error",
          "type": "string"
        }
      ],
      "type": "MISTRAL"
    },
    {
      "name": "shodan.create_notifier_from_shodan",
      "display_name": "Create notifier from Shodan",
      "module": "shodan.src.notifier_create.CreateNotifier",
      "inputs": [
        {
          "name": "provider",
          "type": "object"
        },
        {
          "name": "description",
          "type": "integer"
        },
        {
          "name": "args",
          "type": "string"
        }
      ],
      "outputs": [
        {
          "name": "id",
          "type": "integer"
        },
        {
          "name": "success",
          "type": "boolean"
        },
        {
          "name": "response_code",
          "type": "integer"
        },
        {
          "name": "error",
          "type": "string"
        }
      ],
      "type": "MISTRAL"
    },
    {
      "name": "shodan.delete_notifier_from_shodan",
      "display_name": "Delete notifier from Shodan",
      "module": "shodan.src.notifier_delete.DeleteNotifier",
      "inputs": [
        {
          "name": "id",
          "type": "string"
        }
      ],
      "outputs": [
        {
          "name": "success",
          "type": "boolean"
        },
        {
          "name": "response_code",
          "type": "integer"
        },
        {
          "name": "error",
          "type": "string"
        }
      ],
      "type": "MISTRAL"
    },
    {
      "name": "shodan.get_notifier_by_id_from_shodan",
      "display_name": "Get notifier by Id from Shodan",
      "module": "shodan.src.notifier_info.GetNotifierInfo",
      "inputs": [
        {
          "name": "id",
          "type": "string"
        }
      ],
      "outputs": [
        {
          "name": "description",
          "type": "string"
        },
        {
          "name": "args",
          "type": "object"
        },
        {
          "name": "provider",
          "type": "string"
        },
        {
          "name": "id",
          "type": "string"
        },
        {
          "name": "response_code",
          "type": "integer"
        },
        {
          "name": "error",
          "type": "string"
        }
      ],
      "type": "MISTRAL"
    },
    {
      "name": "shodan.update_notifier_by_id_from_shodan",
      "display_name": "Update notifier by Id from Shodan",
      "module": "shodan.src.notifier_update.UpdateNotifier",
      "inputs": [
        {
          "name": "id",
          "type": "string"
        },
        {
          "name": "args",
          "type": "string"
        }
      ],
      "outputs": [
        {
          "name": "id",
          "type": "string"
        },
        {
          "name": "success",
          "type": "boolean"
        },
        {
          "name": "response_code",
          "type": "integer"
        },
        {
          "name": "error",
          "type": "string"
        }
      ],
      "type": "MISTRAL"
    },
    {
      "name": "shodan.get_query_from_shodan",
      "display_name": "Get query from Shodan",
      "module": "shodan.src.query.GetQuery",
      "inputs": [
        {
          "name": "page",
          "type": "integer",
          "optional": "true"
        },
        {
          "name": "sort",
          "type": "string",
          "optional": "true"
        },
        {
          "name": "order",
          "type": "string",
          "optional": "true"
        }
      ],
      "outputs": [
        {
          "name": "matches",
          "type": "array"
        },
        {
          "name": "total",
          "type": "integer"
        },
        {
          "name": "response_code",
          "type": "integer"
        },
        {
          "name": "error",
          "type": "string"
        }
      ],
      "type": "MISTRAL"
    },
    {
      "name": "shodan.search_query_from_shodan",
      "display_name": "Search query from Shodan",
      "module": "shodan.src.query_search.QuerySearch",
      "inputs": [
        {
          "name": "query",
          "type": "string",
          "optional": "true"
        },
        {
          "name": "page",
          "type": "integer",
          "optional": "true"
        }
      ],
      "outputs": [
        {
          "name": "matches",
          "type": "array"
        },
        {
          "name": "total",
          "type": "integer"
        },
        {
          "name": "response_code",
          "type": "integer"
        },
        {
          "name": "error",
          "type": "string"
        }
      ],
      "type": "MISTRAL"
    },
    {
      "name": "shodan.tags_query_from_shodan",
      "display_name": "Tags query from Shodan",
      "module": "shodan.src.query_tags.GetQueryTags",
      "inputs": [
        {
          "name": "size",
          "type": "integer",
          "optional": "true"
        }
      ],
      "outputs": [
        {
          "name": "matches",
          "type": "array"
        },
        {
          "name": "total",
          "type": "integer"
        },
        {
          "name": "response_code",
          "type": "integer"
        },
        {
          "name": "error",
          "type": "string"
        }
      ],
      "type": "MISTRAL"
    },
    {
      "name": "shodan.get_data_from_shodan",
      "display_name": "Get Data from Shodan",
      "module": "shodan.src.data.GetData",
      "inputs": [],
      "outputs": [
        {
          "name": "data",
          "type": "array"
        },
        {
          "name": "response_code",
          "type": "integer"
        },
        {
          "name": "error",
          "type": "string"
        }
      ],
      "type": "MISTRAL"
    },
    {
      "name": "shodan.list_the_files_for_a_dataset_from_shodan",
      "display_name": "List the files for a dataset from Shodan",
      "module": "shodan.src.dataset.GetDataSet",
      "inputs": [
        {
          "name": "dataset",
          "type": "string"
        }
      ],
      "outputs": [
        {
          "name": "dataset",
          "type": "array"
        },
        {
          "name": "response_code",
          "type": "integer"
        },
        {
          "name": "error",
          "type": "string"
        }
      ],
      "type": "MISTRAL"
    },
    {
      "name": "shodan.get_information_of_organization_from_shodan",
      "display_name": "Get Information of organization from Shodan",
      "module": "shodan.src.organization.GetOrganization",
      "inputs": [],
      "outputs": [
        {
          "name": "name",
          "type": "string"
        },
        {
          "name": "created",
          "type": "string"
        },
        {
          "name": "admins",
          "type": "array"
        },
        {
          "name": "members",
          "type": "array"
        },
        {
          "name": "upgrade_type",
          "type": "string"
        },
        {
          "name": "domains",
          "type": "array"
        },
        {
          "name": "logo",
          "type": "boolean"
        },
        {
          "name": "id",
          "type": "string"
        },
        {
          "name": "response_code",
          "type": "integer"
        },
        {
          "name": "error",
          "type": "string"
        }
      ],
      "type": "MISTRAL"
    },
    {
      "name": "shodan.add_a_new_member_to_organization_from_shodan",
      "display_name": "Add a new member to organization from Shodan",
      "module": "shodan.src.organization_update.UpdateOrganization",
      "inputs": [
        {
          "name": "user",
          "type": "string"
        },
        {
          "name": "notify",
          "type": "boolean",
          "optional": "true"
        }
      ],
      "outputs": [
        {
          "name": "success",
          "type": "boolean"
        },
        {
          "name": "response_code",
          "type": "integer"
        },
        {
          "name": "error",
          "type": "string"
        }
      ],
      "type": "MISTRAL"
    },
    {
      "name": "shodan.remove_a_member_from_organization",
      "display_name": "Remove a member from organization",
      "module": "shodan.src.organization_delete.DeleteOrganization",
      "inputs": [
        {
          "name": "user",
          "type": "string"
        }
      ],
      "outputs": [
        {
          "name": "success",
          "type": "boolean"
        },
        {
          "name": "response_code",
          "type": "integer"
        },
        {
          "name": "error",
          "type": "string"
        }
      ],
      "type": "MISTRAL"
    },
    {
      "name": "shodan.get_account_profile_from_shodan",
      "display_name": "Get Account Profile from shodan",
      "module": "shodan.src.profile.GetProfile",
      "inputs": [],
      "outputs": [
        {
          "name": "member",
          "type": "boolean"
        },
        {
          "name": "credits",
          "type": "integer"
        },
        {
          "name": "display_name",
          "type": "string"
        },
        {
          "name": "created",
          "type": "string"
        },
        {
          "name": "response_code",
          "type": "integer"
        },
        {
          "name": "error",
          "type": "string"
        }
      ],
      "type": "MISTRAL"
    },
    {
      "name": "shodan.get_domain_information_from_shodan",
      "display_name": "Get Domain Information from shodan",
      "module": "shodan.src.dns_domains.GetDnsDomains",
      "inputs": [
        {
          "name": "domain",
          "type": "string"
        },
        {
          "name": "history",
          "type": "boolean",
          "optional": "true"
        },
        {
          "name": "type",
          "type": "string",
          "optional": "true"
        },
        {
          "name": "page",
          "type": "integer",
          "optional": "true"
        }
      ],
      "outputs": [
        {
          "name": "domain",
          "type": "string"
        },
        {
          "name": "tags",
          "type": "array"
        },
        {
          "name": "data",
          "type": "array"
        },
        {
          "name": "subdomains",
          "type": "array"
        },
        {
          "name": "more",
          "type": "boolean"
        },
        {
          "name": "response_code",
          "type": "integer"
        },
        {
          "name": "error",
          "type": "string"
        }
      ],
      "type": "MISTRAL"
    },
    {
      "name": "shodan.get_dns_resolve_from_shodan",
      "display_name": "Get Dns Resolve from shodan",
      "module": "shodan.src.dns_resolve.GetDnsResolve",
      "inputs": [
        {
          "name": "hostnames",
          "type": "string"
        }
      ],
      "outputs": [
        {
          "name": "dns",
          "type": "array"
        },
        {
          "name": "response_code",
          "type": "integer"
        },
        {
          "name": "error",
          "type": "string"
        }
      ],
      "type": "MISTRAL"
    },
    {
      "name": "shodan.get_dns_reverse_from_shodan",
      "display_name": "Get Dns Reverse from shodan",
      "module": "shodan.src.dns_reverse.GetDnsReverse",
      "inputs": [
        {
          "name": "ips",
          "type": "string"
        }
      ],
      "outputs": [
        {
          "name": "dns",
          "type": "array"
        },
        {
          "name": "response_code",
          "type": "integer"
        },
        {
          "name": "error",
          "type": "string"
        }
      ],
      "type": "MISTRAL"
    },
    {
      "name": "shodan.get_http_header_from_shodan",
      "display_name": "Get Http Header from shodan",
      "module": "shodan.src.http_headers.GetHttpHeaders",
      "inputs": [],
      "outputs": [
        {
          "name": "Content-Length",
          "type": "string"
        },
        {
          "name": "Cf-Visitor",
          "type": "string"
        },
        {
          "name": "Accept-Encoding",
          "type": "string"
        },
        {
          "name": "X-Forwarded-For",
          "type": "string"
        },
        {
          "name": "Host",
          "type": "string"
        },
        {
          "name": "Cf-Request-Id",
          "type": "string"
        },
        {
          "name": "User-Agent",
          "type": "string"
        },
        {
          "name": "Connection",
          "type": "string"
        },
        {
          "name": "X-Forwarded-Proto",
          "type": "string"
        },
        {
          "name": "Accept",
          "type": "string"
        },
        {
          "name": "Cdn-Loop",
          "type": "string"
        },
        {
          "name": "Cf-Connecting-Ip",
          "type": "string"
        },
        {
          "name": "Cf-Ray",
          "type": "string"
        },
        {
          "name": "response_code",
          "type": "integer"
        },
        {
          "name": "error",
          "type": "string"
        }
      ],
      "type": "MISTRAL"
    },
    {
      "name": "shodan.get_my_ip",
      "display_name": "Get My Ip",
      "module": "shodan.src.my_ip.GetMyIp",
      "inputs": [],
      "outputs": [
        {
          "name": "ip",
          "type": "string"
        },
        {
          "name": "response_code",
          "type": "integer"
        }
      ],
      "type": "MISTRAL"
    },
    {
      "name": "shodan.get_api_plan_information",
      "display_name": "Get API Plan Information",
      "module": "shodan.src.host_info.GetHostInfo",
      "inputs": [],
      "outputs": [
        {
          "name": "scan_credits",
          "type": "integer"
        },
        {
          "name": "usage_limits",
          "type": "object"
        },
        {
          "name": "plan",
          "type": "string"
        },
        {
          "name": "https",
          "type": "boolean"
        },
        {
          "name": "unlocked",
          "type": "boolean"
        },
        {
          "name": "query_credits",
          "type": "integer"
        },
        {
          "name": "monitored_ips",
          "type": "integer"
        },
        {
          "name": "unlocked_left",
          "type": "integer"
        },
        {
          "name": "telnet",
          "type": "boolean"
        },
        {
          "name": "response_code",
          "type": "integer"
        },
        {
          "name": "error",
          "type": "string"
        }
      ],
      "type": "MISTRAL"
    }
  ]
}