{
  "name": "ip2location",
  "display_name": "IP2Location",
  "category": "IP Lookup",
  "config": {
    "title": "api_key",
    "type": "object",
    "additionalProperties": false,
    "properties": {
      "api_key": {
        "type": "string"
      }
    }
  },
   "test_config": {
    "name": "ip2location.test_integration",
    "module": "ip2location.src.test_integration.TestIntegration",
    "inputs": [
      {
        "name": "ip",
        "value": "8.8.8.8",
        "type": "string"
      }
    ]
  },
  "actions": [
    {
      "name": "ip2location.get_location_info",
      "display_name": "Get the whois information for a domain or URL",
      "module": "ip2location.src.get_location_info.GetLocationInfoAction",
      "inputs": [
        {
          "name": "ip",
          "type": "string"
        }
      ],
      "outputs": [
        {
          "name": "country_code",
          "type": "string"
        },
        {
          "name": "country_name",
          "type": "string"
        },
        {
          "name": "region_name",
          "type": "string"
        },
        {
          "name": "city_name",
          "type": "string"
        },
        {
          "name": "isp",
          "type": "string"
        },
        {
          "name": "domain",
          "type": "string"
        },
        {
          "name": "credits_consumed",
          "type": "integer"
        },
        {
          "name": "continent",
          "type": "object"
        },
        {
          "name": "country",
          "type": "object"
        },
        {
          "name": "region",
          "type": "object"
        },
        {
          "name": "city",
          "type": "object"
        },
        {
          "name": "country_groupings",
          "type": "object"
        },
        {
          "name": "response_code",
          "type": "integer"
        }
      ]
    }
  ]
}