{
  "name": "extractor",
  "display_name": "ExtractorIntegrations",
  "category": "Utility",
  "is_default": true,
  "actions": [
    {
      "name": "extractor.ip_extractor",
      "display_name": "Extract IPs",
      "module": "extractor.src.ip_extractor.IPExtractorAction",
      "type": "MISTRAL",
      "inputs": [
        {
          "name": "text",
          "type": "string"
        }
      ],
      "outputs": [
        {
          "name": "ips",
          "type": "array"
        }
      ]
    },
    {
      "name": "extractor.url_extractor",
      "display_name": "Extract URLs",
      "type": "MISTRAL",
      "module": "extractor.src.url_extractor.UrlExtractorAction",
      "inputs": [
        {
          "name": "text",
          "type": "string"
        },
        {
          "name": "remove_query_params",
          "type": "boolean"
        }
      ],
      "outputs": [
        {
          "name": "urls",
          "type": "array"
        }
      ]
    },
    {
      "name": "extractor.domain_extractor",
      "display_name": "Extract Domain",
      "type": "MISTRAL",
      "module": "extractor.src.domain_extractor.DomainExtractorAction",
      "inputs": [
        {
          "name": "text",
          "type": "string"
        }
      ],
      "outputs": [
        {
          "name": "domains",
          "type": "array"
        }
      ]
    },
    {
      "name": "extractor.email_extractor",
      "display_name": "Extract Emails",
      "type": "MISTRAL",
      "module": "extractor.src.email_extractor.EmailExtractorAction",
      "inputs": [
        {
          "name": "text",
          "type": "string"
        }
      ],
      "outputs": [
        {
          "name": "emails",
          "type": "array"
        }
      ]
    }
  ]
}
