{
  "name": "trendMicro",
  "display_name": "Trend Micro",
  "category": "XDR",
  "is_default": true,
  "config": {
    "title": "api_key",
    "type": "object",
    "additionalProperties": false,
    "properties": {
      "api_key": {
        "type": "string",
        "sub_type": "secret"
      },
      "server_selection": {
        "type": "string",
        "options": [
          [
            "US",
            "https://api.xdr.trendmicro.com"
          ],
          [
            "Singapore",
            "https://api.sg.xdr.trendmicro.com"
          ],
          [
            "Japan",
            "https://api.xdr.trendmicro.co.jp"
          ],
          [
            "India",
            "https://api.in.xdr.trendmicro.com"
          ],
          [
            "Europe",
            "https://api.eu.xdr.trendmicro.com"
          ],
          [
            "Australia",
            "https://api.au.xdr.trendmicro.com"
          ],
          [
            "Custom",
            "custom"
          ]
        ],
        "default": "US"
      }
    }
  },
  "test_config": {
    "name": "trendMicro.test_integration",
    "module": "trendMicro.src.test_integration.TestIntegration",
    "inputs": []
  },
  "actions": [
    {
      "name": "trendMicro.add_to_block_list",
      "display_name": "Add to block list",
      "type": "MISTRAL",
      "module": "trendMicro.src.actions.response_actions.common.blocklist.add_to_block_list.AddToBlacklist",
      "inputs": [
        {
          "name": "valueType",
          "type": "string",
          "choices": [
            "file_sha1",
            "ip",
            "domain",
            "url",
            "mailbox"
          ],
          "required": true,
          "help": "Input Choices - file_sha1, ip, domain, url, mailbox."
        },
        {
          "name": "targetValue",
          "type": "string",
          "required": true
        }
      ],
      "outputs": [
        {
          "name": "status",
          "type": "string"
        },
        {
          "name": "action_id",
          "type": "string"
        }
      ]
    },
    {
      "name": "trendMicro.remove_from_block_list",
      "display_name": "Remove from block list",
      "type": "MISTRAL",
      "module": "trendMicro.src.actions.response_actions.common.blocklist.remove_from_block_list.RemoveFromBlockList",
      "inputs": [
        {
          "name": "valueType",
          "type": "string",
          "choices": [
            "file_sha1",
            "ip",
            "domain",
            "url",
            "mailbox"
          ],
          "required": true,
          "help": "Input Choices - file_sha1, ip, domain, url, mailbox."
        },
        {
          "name": "targetValue",
          "type": "string",
          "required": true
        }
      ],
      "outputs": [
        {
          "name": "status",
          "type": "string"
        },
        {
          "name": "action_id",
          "type": "string"
        }
      ]
    },
    {
      "name": "trendMicro.quarantine_email_message",
      "display_name": "Quarantine Email Message",
      "type": "MISTRAL",
      "module": "trendMicro.src.actions.response_actions.email.quarantine_email_message.QuarantineEmailMessage",
      "inputs": [
        {
          "name": "messageId",
          "type": "string",
          "required": true
        },
        {
          "name": "mailBox",
          "type": "string",
          "required": true
        },
        {
          "name": "messageDeliveryTime",
          "type": "string",
          "required": true
        },
        {
          "name": "productId",
          "type": "string",
          "help": "Default - sca"
        },
        {
          "name": "description",
          "type": "string"
        }
      ],
      "outputs": [
        {
          "name": "status",
          "type": "string"
        },
        {
          "name": "action_id",
          "type": "string"
        }
      ]
    },
    {
      "name": "trendMicro.delete_email_message",
      "display_name": "Delete Email Message",
      "type": "MISTRAL",
      "module": "trendMicro.src.actions.response_actions.email.delete_email_message.DeleteEmailMessage",
      "inputs": [
        {
          "name": "messageId",
          "type": "string",
          "required": true
        },
        {
          "name": "mailBox",
          "type": "string",
          "required": true
        },
        {
          "name": "messageDeliveryTime",
          "type": "string",
          "required": true
        },
        {
          "name": "productId",
          "type": "string",
          "help": "Default - sca"
        },
        {
          "name": "description",
          "type": "string"
        }
      ],
      "outputs": [
        {
          "name": "status",
          "type": "string"
        },
        {
          "name": "action_id",
          "type": "string"
        }
      ]
    },
    {
      "name": "trendMicro.isolate_endpoint",
      "display_name": "Isolate Endpoint",
      "type": "MISTRAL",
      "module": "trendMicro.src.actions.response_actions.endpoint.isolate_endpoint.IsolateEndpoint",
      "inputs": [
        {
          "name": "computerId",
          "type": "string",
          "required": true
        },
        {
          "name": "productId",
          "type": "string",
          "help":"Default - sao, Choices- [sao, sds]"
        },
        {
          "name": "description",
          "type": "string"
        }
      ],
      "outputs": [
        {
          "name": "status",
          "type": "string"
        },
        {
          "name": "action_id",
          "type": "string"
        }
      ]
    },
    {
      "name": "trendMicro.restore_isolated_endpoint",
      "display_name": "Restore Isolated Endpoint",
      "type": "MISTRAL",
      "module": "trendMicro.src.actions.response_actions.endpoint.restore_isolated_endpoint.RestoreIsolatedEndpoint",
      "inputs": [
        {
          "name": "computerId",
          "type": "string",
          "required": true
        },
        {
          "name": "productId",
          "type": "string",
          "help":"Default - sao, Choices- sao, sds"
        },
        {
          "name": "description",
          "type": "string"
        }
      ],
      "outputs": [
        {
          "name": "status",
          "type": "string"
        },
        {
          "name": "action_id",
          "type": "string"
        }
      ]
    },
    {
      "name": "trendMicro.terminate_process",
      "display_name": "Terminate a Process",
      "type": "MISTRAL",
      "module": "trendMicro.src.actions.response_actions.endpoint.terminate_process.TerminateProcess",
      "inputs": [
        {
          "name": "computerId",
          "type": "string",
          "required": true
        },
        {
          "name": "fileSha1",
          "type": "string",
          "required": true
        },
        {
          "name": "productId",
          "type": "string",
          "help": "Default - sao"
        },
        {
          "name": "description",
          "type": "string"
        },
        {
          "name": "filename",
          "type": "string"
        }
      ],
      "outputs": [
        {
          "name": "status",
          "type": "string"
        },
        {
          "name": "action_id",
          "type": "string"
        }
      ]
    },
    {
      "name": "trendMicro.collect_file",
      "display_name": "Collect File and get Download Info",
      "type": "MISTRAL",
      "module": "trendMicro.src.actions.response_actions.endpoint.collect_file.CollectFile",
      "inputs": [
        {
          "name": "computerId",
          "type": "string",
          "required": true
        },
        {
          "name": "filePath",
          "type": "string",
          "required": true
        },
        {
          "name": "productId",
          "type": "string",
          "required": true,
          "help":"Input Choices - sao, xes, sds."
        },
        {
          "name": "os",
          "type": "string",
          "required": true,
          "help":"Input Choices - windows, mac, linux."
        },
        {
          "name": "description",
          "type": "string"
        }
      ],
      "outputs": [
        {
          "name": "url",
          "type": "string"
        },
        {
          "name": "expires",
          "type": "string"
        },
        {
          "name": "password",
          "type": "string"
        },
        {
          "name": "filename",
          "type": "string"
        },
        {
          "name": "action_id",
          "type": "string"
        }
      ]
    },
    {
      "name": "trendMicro.search_for_data",
      "display_name": "Search for data",
      "type": "MISTRAL",
      "module": "trendMicro.src.actions.search.search_for_data.SearchForData",
      "inputs": [
        {
          "name": "from_timestamp",
          "type": "int"
        },
        {
          "name": "to_timestamp",
          "type": "int"
        },
        {
          "name": "source",
          "type": "string",
          "required": true,
          "help":"Input Choices - endpointActivityData, messageActivityData, detections, networkActivityData."
        },
        {
          "name": "query",
          "type": "string",
          "required": true
        }
      ],
      "outputs": [
        {
          "name": "status",
          "type": "string"
        },
        {
          "name": "status_msg",
          "type": "string"
        },
        {
          "name": "data",
          "type": "object"
        }
      ]
    },
    {
      "name": "trendMicro.search_for_source",
      "display_name": "Search for Source",
      "type": "MISTRAL",
      "module": "trendMicro.src.actions.search.search_for_source.SearchForData",
      "inputs": [
        {
          "name": "from_timestamp",
          "type": "datetime",
          "help": "Input Format- YYYY-MM-DDTHH:MM:SS, Example=> 2024-04-05T00:00:00"
        },
        {
          "name": "to_timestamp",
          "type": "datetime",
          "help": "Input Format- YYYY-MM-DDTHH:MM:SS, Example=> 2024-04-05T00:00:00"
        },
        {
          "name": "source",
          "type": "string",
          "required": true
        },
        {
          "name": "query",
          "type": "string",
          "required": true
        },
        {
          "name": "conf",
          "type": "object",
          "disabled": true
        }
      ],
      "outputs": [
        {
          "name": "status",
          "type": "string"
        },
        {
          "name": "status_msg",
          "type": "string"
        },
        {
          "name": "data",
          "type": "object"
        }
      ]
    },
    {
      "name": "trendMicro.search_observed_attack_techniques",
      "display_name": "Search Observed Attack Techniques",
      "type": "MISTRAL",
      "module": "trendMicro.src.actions.search.search_observed_attack_techniques.SearchObservedAttackTechniques",
      "inputs": [
        {
          "name": "from_timestamp",
          "type": "datetime"
        },
        {
          "name": "to_timestamp",
          "type": "datetime"
        },
        {
          "name": "integration_dict",
          "type": "object"
        },
        {
          "name": "conf",
          "type": "object"
        }
      ],
      "outputs": [
        {
          "name": "status",
          "type": "string"
        },
        {
          "name": "status_msg",
          "type": "string"
        },
        {
          "name": "data",
          "type": "object"
        }
      ]
    },
    {
      "name": "trendMicro.query_agent_information",
      "display_name": "Query Agent Information",
      "type": "MISTRAL",
      "module": "trendMicro.src.actions.search.query_agent_information.QueryAgentInformation",
      "inputs": [
        {
          "name": "field",
          "type": "string",
          "required": true
        },
        {
          "name": "value",
          "type": "string",
          "required": true
        }
      ],
      "outputs": [
        {
          "name": "status",
          "type": "string"
        },
        {
          "name": "errorCode",
          "type": "string"
        },
        {
          "name": "message",
          "type": "string"
        },
        {
          "name": "result",
          "type": "object"
        }
      ]
    },
    {
      "name": "trendMicro.query_information_of_endpoint",
      "display_name": "Query Information Of Endpoint",
      "type": "MISTRAL",
      "module": "trendMicro.src.actions.search.query_information_of_endpoint.QueryInformationOfEndpoint",
      "inputs": [
        {
          "name": "computerId",
          "type": "string",
          "required": true
        }
      ],
      "outputs": [
        {
          "name": "status",
          "type": "string"
        },
        {
          "name": "errorCode",
          "type": "string"
        },
        {
          "name": "message",
          "type": "string"
        },
        {
          "name": "result",
          "type": "object"
        }
      ]
    },
    {
      "name": "trendMicro.query_os_information",
      "display_name": "Query OS info for the last seven days",
      "type": "MISTRAL",
      "module": "trendMicro.src.actions.search.query_os_information.QueryOsInformation",
      "inputs": [],
      "outputs": [
        {
          "name": "status",
          "type": "string"
        },
        {
          "name": "errorCode",
          "type": "string"
        },
        {
          "name": "message",
          "type": "string"
        },
        {
          "name": "result",
          "type": "object"
        }
      ]
    },
    {
      "name": "trendMicro.add_to_exception_list",
      "display_name": "Add to exception list",
      "type": "MISTRAL",
      "module": "trendMicro.src.actions.threat_intelligence.exception_list.add_to_exception_list.AddToExceptionList",
      "inputs": [
        {
          "name": "valueType",
          "type": "string",
          "required": true,
          "choices": [
            "domain",
            "ip",
            "sha1",
            "url"
          ],
          "help": "Input Choices - sha1, ip, domain, url."
        },
        {
          "name": "targetValue",
          "type": "string",
          "required": true
        },
        {
          "name": "description",
          "type": "string"
        }
      ],
      "outputs": [
        {
          "name": "data",
          "type": "object"
        }
      ]
    },
    {
      "name": "trendMicro.remove_from_exception_list",
      "display_name": "Remove from exception list",
      "type": "MISTRAL",
      "module": "trendMicro.src.actions.threat_intelligence.exception_list.remove_from_exception_list.RemoveFromExceptionList",
      "inputs": [
        {
          "name": "valueType",
          "type": "string",
          "required": true,
          "choices": [
            "domain",
            "ip",
            "sha1",
            "url"
          ],
          "help": "Input Choices - sha1, ip, domain, url."
        },
        {
          "name": "targetValue",
          "type": "string",
          "required": true
        }
      ],
      "outputs": [
        {
          "name": "data",
          "type": "object"
        }
      ]
    },
    {
      "name": "trendMicro.analyze_file_in_sandbox",
      "display_name": "Analyze file in sandbox",
      "type": "MISTRAL",
      "module": "trendMicro.src.actions.threat_intelligence.sandbox.analyze_file_in_sandbox.AnalyzeFileInSandbox",
      "inputs": [
        {
          "name": "file_url",
          "type": "string",
          "required": true
        },
        {
          "name": "documentPassword",
          "type": "string"
        },
        {
          "name": "archivePassword",
          "type": "string"
        }
      ],
      "outputs": [
        {
          "name": "report_id",
          "type": "string"
        },
        {
          "name": "analysisCompletionTime",
          "type": "string"
        },
        {
          "name": "riskLevel",
          "type": "string"
        },
        {
          "name": "description",
          "type": "string"
        },
        {
          "name": "detectionNameList",
          "type": "array"
        },
        {
          "name": "threatTypeList",
          "type": "array"
        },
        {
          "name": "trueFileType",
          "type": "string"
        }
      ]
    },
    {
      "name": "trendMicro.add_to_suspicious_list",
      "display_name": "Add to suspicious list",
      "type": "MISTRAL",
      "module": "trendMicro.src.actions.threat_intelligence.suspicious_object_list.add_to_suspicious_list.AddToSuspiciousList",
      "inputs": [
        {
          "name": "valueType",
          "type": "string",
          "required": true,
          "choices": [
            "domain",
            "ip",
            "sha1",
            "url"
          ],
          "help": "Input Choices - sha1, ip, domain, url."
        },
        {
          "name": "targetValue",
          "type": "string",
          "required": true
        },
        {
          "name": "description",
          "type": "string"
        },
        {
          "name": "scanAction",
          "type": "string",
          "choices": [
            "block",
            "log"
          ],
          "help":"Input Choices - block, log."
        },
        {
          "name": "riskLevel",
          "type": "string",
          "choices": [
            "high",
            "medium",
            "low"
          ],
          "help":"Input Choices - high, medium, low."
        },
        {
          "name": "expiredDay",
          "type": "int"
        }
      ],
      "outputs": [
        {
          "name": "data",
          "type": "object"
        }
      ]
    },
    {
      "name": "trendMicro.remove_from_suspicious_list",
      "display_name": "Remove from suspicious list",
      "type": "MISTRAL",
      "module": "trendMicro.src.actions.threat_intelligence.suspicious_object_list.remove_from_suspicious_list.RemoveFromSuspiciousList",
      "inputs": [
        {
          "name": "valueType",
          "type": "string",
          "required": true,
          "choices": [
            "domain",
            "ip",
            "sha1",
            "url"
          ],
          "help": "Input Choices - sha1, ip, domain, url."
        },
        {
          "name": "targetValue",
          "type": "string",
          "required": true
        }
      ],
      "outputs": [
        {
          "name": "data",
          "type": "object"
        }
      ]
    },
    {
      "name": "trendMicro.add_note_to_workbench_alert",
      "display_name": "Add Note to Workbench Alert",
      "type": "MISTRAL",
      "module": "trendMicro.src.actions.notes.add_note_to_workbench_alert.AddNoteToWorkbenchAlert",
      "inputs": [
        {
          "name": "workbench_id",
          "type": "string",
          "required": true
        },
        {
          "name": "content",
          "type": "text",
          "required": true
        }
      ],
      "outputs": [
        {
          "name": "result",
          "type": "object"
        }
      ]
    },
    {
      "name": "trendMicro.create_cases_from_workbench_alerts",
      "display_name": "Create cases from workbench alerts",
      "type": "CRON",
      "cron_config_schedule": "*/4 * * * *",
      "module": "trendMicro.src.actions.cron.create_cases_from_workbench_alerts.CreateCasesFromWorkbenchAlerts",
      "inputs": [
        {
          "name": "query",
          "type": "string"
        }
      ],
      "outputs": [
        {
          "name": "result",
          "type": "object"
        }
      ]
    },
    {
      "name": "trendMicro.create_cases_from_detection_models",
      "display_name": "Create cases from detection models",
      "type": "CRON",
      "cron_config_schedule": "",
      "module": "trendMicro.src.actions.cron.create_cases_from_detection_models.CreateCasesFromDetectionModels",
      "inputs": [],
      "outputs": [
        {
          "name": "result",
          "type": "object"
        }
      ]
    },
    {
      "name": "trendMicro.search_detections",
      "display_name": "Search Detections",
      "type": "MISTRAL",
      "module": "trendMicro.src.actions.search.search_detections.SearchDetections",
      "inputs": [
        {
          "name": "startDateTime",
          "type": "string"
        },
        {
          "name": "endDateTime",
          "type": "string"
        },
        {
          "name": "query",
          "type": "string"
        }
      ],
      "outputs": [
        {
          "name": "status",
          "type": "string"
        },
        {
          "name": "status_msg",
          "type": "string"
        },
        {
          "name": "data",
          "type": "object"
        }
      ]
    },
    {
      "name": "trendMicro.search_endpoint_activities",
      "display_name": "Search Endpoint Activities",
      "type": "MISTRAL",
      "module": "trendMicro.src.actions.search.search_endpoint_activities.SearchEndPointActivities",
      "inputs": [
        {
          "name": "startDateTime",
          "type": "string"
        },
        {
          "name": "endDateTime",
          "type": "string"
        },
        {
          "name": "query",
          "type": "string"
        },
        {
          "name": "conf",
          "type": "object"
        }
      ],
      "outputs": [
        {
          "name": "status",
          "type": "string"
        },
        {
          "name": "status_msg",
          "type": "string"
        },
        {
          "name": "data",
          "type": "object"
        }
      ]
    },
    {
      "name": "trendMicro.query_intelligence_reports",
      "display_name": "Query Intelligence Reports",
      "type": "MISTRAL",
      "module": "trendMicro.src.actions.search.query_intelligence_reports.QueryIntelligenceReports",
      "inputs": [
        {
          "name": "startDateTime",
          "type": "string"
        },
        {
          "name": "endDateTime",
          "type": "string"
        },
        {
          "name": "integration_dict",
          "type": "object"
        },
        {
          "name": "conf",
          "type": "object"
        }
      ],
      "outputs": [
        {
          "name": "status",
          "type": "string"
        },
        {
          "name": "status_msg",
          "type": "string"
        },
        {
          "name": "data",
          "type": "object"
        }
      ]
    }
  ]
}