{
    "name": "emailrepio",
    "display_name": "EmailRepIO",
    "category": "SIEM",
    "config": {
        "properties": {
            "api_key": {
                "type": "string"
            },
            "url": {
                "type": "string"
            }
        }
    },
    "actions": [
        {
            "name": "emailrepio.emailrep_io_action",
            "display_name": "Get Email Address Reputation",
            "type": "MISTRAL",
            "module": "emailrepio.src.get_email_address_reputation.GetEmailAddressreputation",
            "inputs": [
                {
                    "name": "email",
                    "type": "string"
                }
            ],
            "outputs": [
                {
                    "name": "EmailRepIO_GetEmailAddressReputation_output",
                    "type": "array"
                }
            ]
        }
    ]
}